Rank,Query_Ticker,Recommended_Ticker,Query_Cluster,Recommended_Cluster,Same_Cluster,Distance,Similarity,Sector,PC1,PC2,PC3,RET,VOL,PE,ROE,DY,BETA,Is_Outlier
1,ACB.VN,TPB.VN,0,0,True,0.548722,0.645694,Banking,0.3708018348302654,-2.145622376447057,0.9034732970059508,0.1714584022069438,0.0222481317541997,5.9307694,0.16904,6.03,0.668,0
2,ACB.VN,VIB.VN,0,0,True,0.947293,0.513533,Banking,0.5728683806502743,-1.6985759955596464,0.7731817200732893,0.0708319959311818,0.0177450868318352,7.132668,0.16360001,5.66,0.57,0
3,ACB.VN,MSB.VN,0,0,True,1.000478,0.49988,Banking,0.1798875868651935,-2.315377641770072,0.3829632803777725,0.2987012987012987,0.020046630538867,7.6745768,0.14335,2.81,0.615,0
4,ACB.VN,BID.VN,0,0,True,1.096856,0.476905,Banking,-0.5061920008651106,-2.8167291669034777,1.2619981079916187,0.0428879177757983,0.0162964008701505,11.299435,0.18096,1.03,0.937,0
5,ACB.VN,VRE.VN,0,0,True,1.341692,0.427042,Real Estate,-0.2514355076346181,-1.4147653281705646,1.4847513283086045,0.8959537572254335,0.0266830342820469,10.842795,0.14773,2.81,0.927,1
1,BID.VN,TCB.VN,0,0,True,0.573358,0.635583,Banking,-1.007911631777444,-2.866310045191616,1.535051609029934,0.448046402424195,0.0201870092872197,8.787346,0.15788999,2.17,0.914,0
2,BID.VN,VCB.VN,0,0,True,0.688145,0.592366,Banking,-0.9401963633177788,-2.77721330936436,1.7945599778929904,-0.0610578666104065,0.01506423413017,16.447369,0.16383,0.866,0.529,0
3,BID.VN,SSI.VN,0,0,True,1.0646,0.484355,Securities,-1.1958723563094038,-2.075779537703797,0.9322904865263442,0.2092338377699256,0.0240476618610594,13.157894,0.13479,3.36,1.169,1
4,BID.VN,MBB.VN,0,0,True,1.067342,0.483713,Banking,-0.8444896895289529,-3.6290271183583513,1.8661052548061603,0.5245861552569457,0.019003326612167,7.204611,0.20782,1.21,0.61,0
5,BID.VN,ACB.VN,0,0,True,1.096856,0.476905,Banking,0.5382021046681135,-2.483932495086689,1.3017433707558126,0.133642205020082,0.0161070491537156,7.247091,0.17508,4.39,0.319,0
1,CTG.VN,HDB.VN,0,0,True,0.301499,0.768345,Banking,-0.4321998420011807,-3.715953535551429,2.157285719306726,0.444157572058522,0.0226980993606418,7.5277085,0.24431999,2.81,0.5,0
2,CTG.VN,MBB.VN,0,0,True,0.387664,0.720636,Banking,-0.8444896895289529,-3.6290271183583513,1.8661052548061603,0.5245861552569457,0.019003326612167,7.204611,0.20782,1.21,0.61,0
3,CTG.VN,SHB.VN,0,0,True,0.588396,0.629566,Banking,-1.1795748749578248,-4.195639613979112,2.1217659507035944,1.0868238581761482,0.0226856691389455,5.2083335,0.18304001,3.2,0.584,0
4,CTG.VN,VPB.VN,0,0,True,0.683442,0.594021,Banking,-0.920578305584014,-4.44187656239547,1.8564471084440648,0.5394199082678464,0.0246532209885813,8.14996,0.15836,1.85,0.523,0
5,CTG.VN,VCB.VN,0,0,True,1.163365,0.462243,Banking,-0.9401963633177788,-2.77721330936436,1.7945599778929904,-0.0610578666104065,0.01506423413017,16.447369,0.16383,0.866,0.529,0
1,EIB.VN,HSG.VN,3,3,True,0.382205,0.723482,Materials,-0.1730323642849626,-0.4778160764212283,-2.2692707077742527,-0.1147595790956365,0.0222505321158291,19.157087,0.04765,3.36,1.089,1
2,EIB.VN,DIG.VN,3,3,True,0.596033,0.626554,Midcap,0.2303511141175495,-0.5574543263791272,-1.6342646020022478,-0.0635751143713587,0.0293149500956468,13.210039,0.07079,2.81,0.957,0
3,EIB.VN,VDS.VN,3,3,True,0.657819,0.603202,Securities,-0.2482333775603837,-0.4694284224400342,-1.531727628077095,-0.098053536552867,0.0283973528460756,15.037594,0.08043,2.81,1.003,0
4,EIB.VN,PDR.VN,3,3,True,0.811518,0.552023,Real Estate,0.6022434332081907,-1.1405326270346807,-1.8203372362113155,0.0121739474243867,0.0284382645371279,26.385008,0.05085,2.81,-0.02,1
5,EIB.VN,HHV.VN,3,3,True,0.854109,0.539343,Construction,-0.3034852071766025,-1.3919864539991256,-1.5049637468479429,0.1756409962028997,0.022003179583098,9.349885,0.05924,2.81,0.786,1
1,HDB.VN,CTG.VN,0,0,True,0.301499,0.768345,Banking,-0.6956412425765698,-3.861362809370724,2.1384053627687054,0.3693052018413842,0.0179343354414771,7.122507,0.22364001,0.89,0.741,0
2,HDB.VN,MBB.VN,0,0,True,0.512177,0.661298,Banking,-0.8444896895289529,-3.6290271183583513,1.8661052548061603,0.5245861552569457,0.019003326612167,7.204611,0.20782,1.21,0.61,0
3,HDB.VN,SHB.VN,0,0,True,0.88878,0.529442,Banking,-1.1795748749578248,-4.195639613979112,2.1217659507035944,1.0868238581761482,0.0226856691389455,5.2083335,0.18304001,3.2,0.584,0
4,HDB.VN,VPB.VN,0,0,True,0.925193,0.519429,Banking,-0.920578305584014,-4.44187656239547,1.8564471084440648,0.5394199082678464,0.0246532209885813,8.14996,0.15836,1.85,0.523,0
5,HDB.VN,VCB.VN,0,0,True,1.127326,0.470074,Banking,-0.9401963633177788,-2.77721330936436,1.7945599778929904,-0.0610578666104065,0.01506423413017,16.447369,0.16383,0.866,0.529,0
1,LPB.VN,VRE.VN,0,0,True,0.337243,0.747808,Real Estate,-0.2514355076346181,-1.4147653281705646,1.4847513283086045,0.8959537572254335,0.0266830342820469,10.842795,0.14773,2.81,0.927,1
2,LPB.VN,TPB.VN,0,0,True,1.38663,0.419001,Banking,0.3708018348302654,-2.145622376447057,0.9034732970059508,0.1714584022069438,0.0222481317541997,5.9307694,0.16904,6.03,0.668,0
3,LPB.VN,VIB.VN,0,0,True,1.409068,0.415098,Banking,0.5728683806502743,-1.6985759955596464,0.7731817200732893,0.0708319959311818,0.0177450868318352,7.132668,0.16360001,5.66,0.57,0
4,LPB.VN,SSI.VN,0,0,True,1.437232,0.410302,Securities,-1.1958723563094038,-2.075779537703797,0.9322904865263442,0.2092338377699256,0.0240476618610594,13.157894,0.13479,3.36,1.169,1
5,LPB.VN,VND.VN,0,0,True,1.487342,0.402036,Securities,-1.1533099872887382,-1.909555804018373,0.7132687747736046,0.6128136045330321,0.0274602437098891,11.389522,0.105179995,3.06,1.06,1
1,MBB.VN,CTG.VN,0,0,True,0.387664,0.720636,Banking,-0.6956412425765698,-3.861362809370724,2.1384053627687054,0.3693052018413842,0.0179343354414771,7.122507,0.22364001,0.89,0.741,0
2,MBB.VN,HDB.VN,0,0,True,0.512177,0.661298,Banking,-0.4321998420011807,-3.715953535551429,2.157285719306726,0.444157572058522,0.0226980993606418,7.5277085,0.24431999,2.81,0.5,0
3,MBB.VN,SHB.VN,0,0,True,0.706183,0.586104,Banking,-1.1795748749578248,-4.195639613979112,2.1217659507035944,1.0868238581761482,0.0226856691389455,5.2083335,0.18304001,3.2,0.584,0
4,MBB.VN,VPB.VN,0,0,True,0.81646,0.550521,Banking,-0.920578305584014,-4.44187656239547,1.8564471084440648,0.5394199082678464,0.0246532209885813,8.14996,0.15836,1.85,0.523,0
5,MBB.VN,TCB.VN,0,0,True,0.847373,0.541309,Banking,-1.007911631777444,-2.866310045191616,1.535051609029934,0.448046402424195,0.0201870092872197,8.787346,0.15788999,2.17,0.914,0
1,MSB.VN,TPB.VN,0,0,True,0.579824,0.632982,Banking,0.3708018348302654,-2.145622376447057,0.9034732970059508,0.1714584022069438,0.0222481317541997,5.9307694,0.16904,6.03,0.668,0
2,MSB.VN,VIB.VN,0,0,True,0.828944,0.546764,Banking,0.5728683806502743,-1.6985759955596464,0.7731817200732893,0.0708319959311818,0.0177450868318352,7.132668,0.16360001,5.66,0.57,0
3,MSB.VN,ACB.VN,0,0,True,1.000478,0.49988,Banking,0.5382021046681135,-2.483932495086689,1.3017433707558126,0.133642205020082,0.0161070491537156,7.247091,0.17508,4.39,0.319,0
4,MSB.VN,VCI.VN,0,0,True,1.171403,0.460532,Securities,-0.6398836818553962,-1.543519223348965,0.0598609225488672,0.0639194008565022,0.0227031571122266,18.018017,0.09283,2.26,0.876,0
5,MSB.VN,BID.VN,0,0,True,1.222604,0.449923,Banking,-0.5061920008651106,-2.8167291669034777,1.2619981079916187,0.0428879177757983,0.0162964008701505,11.299435,0.18096,1.03,0.937,0
1,SHB.VN,VPB.VN,0,0,True,0.445091,0.691998,Banking,-0.920578305584014,-4.44187656239547,1.8564471084440648,0.5394199082678464,0.0246532209885813,8.14996,0.15836,1.85,0.523,0
2,SHB.VN,CTG.VN,0,0,True,0.588396,0.629566,Banking,-0.6956412425765698,-3.861362809370724,2.1384053627687054,0.3693052018413842,0.0179343354414771,7.122507,0.22364001,0.89,0.741,0
3,SHB.VN,MBB.VN,0,0,True,0.706183,0.586104,Banking,-0.8444896895289529,-3.6290271183583513,1.8661052548061603,0.5245861552569457,0.019003326612167,7.204611,0.20782,1.21,0.61,0
4,SHB.VN,HDB.VN,0,0,True,0.88878,0.529442,Banking,-0.4321998420011807,-3.715953535551429,2.157285719306726,0.444157572058522,0.0226980993606418,7.5277085,0.24431999,2.81,0.5,0
5,SHB.VN,TCB.VN,0,0,True,1.463154,0.405984,Banking,-1.007911631777444,-2.866310045191616,1.535051609029934,0.448046402424195,0.0201870092872197,8.787346,0.15788999,2.17,0.914,0
1,SSB.VN,PDR.VN,3,3,True,1.480027,0.403221,Real Estate,0.6022434332081907,-1.1405326270346807,-1.8203372362113155,0.0121739474243867,0.0284382645371279,26.385008,0.05085,2.81,-0.02,1
2,SSB.VN,KBC.VN,3,3,True,1.613017,0.382699,Real Estate,0.0584350335757305,-0.8044573575623373,-0.8121031442421157,0.2554744525547445,0.0244279246992217,18.939394,0.06577,2.81,1.038,0
3,SSB.VN,BCM.VN,3,3,True,1.785699,0.358976,Real Estate,0.0902338927265107,-0.5616154797370847,-0.4325926339735323,-0.1313559802458148,0.0204904646805737,17.152658,0.15845999,2.02,0.501,0
4,SSB.VN,HHV.VN,3,3,True,1.807442,0.356196,Construction,-0.3034852071766025,-1.3919864539991256,-1.5049637468479429,0.1756409962028997,0.022003179583098,9.349885,0.05924,2.81,0.786,1
5,SSB.VN,HAG.VN,3,3,True,1.878132,0.347448,Midcap,0.0754783450038156,-0.8170892467253151,0.2809366766738503,0.4430894308943089,0.0257815225791926,6.127451,0.2375,2.81,0.327,1
1,STB.VN,HCM.VN,3,3,True,0.532874,0.652369,Securities,-0.5356255327941862,-1.0744130944459145,-0.4775805054334824,-0.1993704379005995,0.0241506269123989,19.455254,0.10057,2.49,0.942,0
2,STB.VN,BCM.VN,3,3,True,1.094467,0.477448,Real Estate,0.0902338927265107,-0.5616154797370847,-0.4325926339735323,-0.1313559802458148,0.0204904646805737,17.152658,0.15845999,2.02,0.501,0
3,STB.VN,FTS.VN,3,3,True,1.097852,0.476678,Securities,-0.3694959816825652,-0.5232639269285664,-1.0766478291047088,-0.1138394926209229,0.0237404427599565,22.172846,0.09175,2.12,0.716,0
4,STB.VN,HAG.VN,3,3,True,1.120798,0.471521,Midcap,0.0754783450038156,-0.8170892467253151,0.2809366766738503,0.4430894308943089,0.0257815225791926,6.127451,0.2375,2.81,0.327,1
5,STB.VN,KBC.VN,3,3,True,1.169902,0.46085,Real Estate,0.0584350335757305,-0.8044573575623373,-0.8121031442421157,0.2554744525547445,0.0244279246992217,18.939394,0.06577,2.81,1.038,0
1,TCB.VN,VCB.VN,0,0,True,0.28261,0.77966,Banking,-0.9401963633177788,-2.77721330936436,1.7945599778929904,-0.0610578666104065,0.01506423413017,16.447369,0.16383,0.866,0.529,0
2,TCB.VN,BID.VN,0,0,True,0.573358,0.635583,Banking,-0.5061920008651106,-2.8167291669034777,1.2619981079916187,0.0428879177757983,0.0162964008701505,11.299435,0.18096,1.03,0.937,0
3,TCB.VN,MBB.VN,0,0,True,0.847373,0.541309,Banking,-0.8444896895289529,-3.6290271183583513,1.8661052548061603,0.5245861552569457,0.019003326612167,7.204611,0.20782,1.21,0.61,0
4,TCB.VN,SSI.VN,0,0,True,1.011726,0.497086,Securities,-1.1958723563094038,-2.075779537703797,0.9322904865263442,0.2092338377699256,0.0240476618610594,13.157894,0.13479,3.36,1.169,1
5,TCB.VN,HDB.VN,0,0,True,1.200214,0.454501,Banking,-0.4321998420011807,-3.715953535551429,2.157285719306726,0.444157572058522,0.0226980993606418,7.5277085,0.24431999,2.81,0.5,0
1,TPB.VN,VIB.VN,0,0,True,0.507599,0.663306,Banking,0.5728683806502743,-1.6985759955596464,0.7731817200732893,0.0708319959311818,0.0177450868318352,7.132668,0.16360001,5.66,0.57,0
2,TPB.VN,ACB.VN,0,0,True,0.548722,0.645694,Banking,0.5382021046681135,-2.483932495086689,1.3017433707558126,0.133642205020082,0.0161070491537156,7.247091,0.17508,4.39,0.319,0
3,TPB.VN,MSB.VN,0,0,True,0.579824,0.632982,Banking,0.1798875868651935,-2.315377641770072,0.3829632803777725,0.2987012987012987,0.020046630538867,7.6745768,0.14335,2.81,0.615,0
4,TPB.VN,VRE.VN,0,0,True,1.122148,0.471221,Real Estate,-0.2514355076346181,-1.4147653281705646,1.4847513283086045,0.8959537572254335,0.0266830342820469,10.842795,0.14773,2.81,0.927,1
5,TPB.VN,BID.VN,0,0,True,1.161052,0.462738,Banking,-0.5061920008651106,-2.8167291669034777,1.2619981079916187,0.0428879177757983,0.0162964008701505,11.299435,0.18096,1.03,0.937,0
1,VCB.VN,TCB.VN,0,0,True,0.28261,0.77966,Banking,-1.007911631777444,-2.866310045191616,1.535051609029934,0.448046402424195,0.0201870092872197,8.787346,0.15788999,2.17,0.914,0
2,VCB.VN,BID.VN,0,0,True,0.688145,0.592366,Banking,-0.5061920008651106,-2.8167291669034777,1.2619981079916187,0.0428879177757983,0.0162964008701505,11.299435,0.18096,1.03,0.937,0
3,VCB.VN,MBB.VN,0,0,True,0.860154,0.53759,Banking,-0.8444896895289529,-3.6290271183583513,1.8661052548061603,0.5245861552569457,0.019003326612167,7.204611,0.20782,1.21,0.61,0
4,VCB.VN,HDB.VN,0,0,True,1.127326,0.470074,Banking,-0.4321998420011807,-3.715953535551429,2.157285719306726,0.444157572058522,0.0226980993606418,7.5277085,0.24431999,2.81,0.5,0
5,VCB.VN,SSI.VN,0,0,True,1.140565,0.467166,Securities,-1.1958723563094038,-2.075779537703797,0.9322904865263442,0.2092338377699256,0.0240476618610594,13.157894,0.13479,3.36,1.169,1
1,VIB.VN,TPB.VN,0,0,True,0.507599,0.663306,Banking,0.3708018348302654,-2.145622376447057,0.9034732970059508,0.1714584022069438,0.0222481317541997,5.9307694,0.16904,6.03,0.668,0
2,VIB.VN,MSB.VN,0,0,True,0.828944,0.546764,Banking,0.1798875868651935,-2.315377641770072,0.3829632803777725,0.2987012987012987,0.020046630538867,7.6745768,0.14335,2.81,0.615,0
3,VIB.VN,ACB.VN,0,0,True,0.947293,0.513533,Banking,0.5382021046681135,-2.483932495086689,1.3017433707558126,0.133642205020082,0.0161070491537156,7.247091,0.17508,4.39,0.319,0
4,VIB.VN,VRE.VN,0,0,True,1.125325,0.470516,Real Estate,-0.2514355076346181,-1.4147653281705646,1.4847513283086045,0.8959537572254335,0.0266830342820469,10.842795,0.14773,2.81,0.927,1
5,VIB.VN,LPB.VN,0,0,True,1.409068,0.415098,Banking,-0.3167351196932483,-1.352705408999751,1.8097390812205705,0.4393881267431054,0.0215746621720011,14.226691,0.23426001,5.64,0.725,1
1,VPB.VN,SHB.VN,0,0,True,0.445091,0.691998,Banking,-1.1795748749578248,-4.195639613979112,2.1217659507035944,1.0868238581761482,0.0226856691389455,5.2083335,0.18304001,3.2,0.584,0
2,VPB.VN,CTG.VN,0,0,True,0.683442,0.594021,Banking,-0.6956412425765698,-3.861362809370724,2.1384053627687054,0.3693052018413842,0.0179343354414771,7.122507,0.22364001,0.89,0.741,0
3,VPB.VN,MBB.VN,0,0,True,0.81646,0.550521,Banking,-0.8444896895289529,-3.6290271183583513,1.8661052548061603,0.5245861552569457,0.019003326612167,7.204611,0.20782,1.21,0.61,0
4,VPB.VN,HDB.VN,0,0,True,0.925193,0.519429,Banking,-0.4321998420011807,-3.715953535551429,2.157285719306726,0.444157572058522,0.0226980993606418,7.5277085,0.24431999,2.81,0.5,0
5,VPB.VN,TCB.VN,0,0,True,1.610383,0.383086,Banking,-1.007911631777444,-2.866310045191616,1.535051609029934,0.448046402424195,0.0201870092872197,8.787346,0.15788999,2.17,0.914,0
1,FPT.VN,PNJ.VN,1,1,True,0.532754,0.65242,Retail,0.9490294739001224,1.8933783182351,1.3740654524546545,0.0228182502783464,0.0212449964889569,9.98004,0.27692,2.04,0.544,0
2,FPT.VN,GMD.VN,1,1,True,0.90577,0.524722,Logistics,1.273744340071224,0.9524107269626222,0.6628103028716904,-0.0353992317450673,0.022688778512154,18.148819,0.16347,2.95,0.589,0
3,FPT.VN,ANV.VN,1,1,True,0.961724,0.509756,Seafood,0.0190670696279474,0.8543005141235753,0.9410723983689372,0.3869511030708148,0.0287963640538231,5.6369786,0.3196,2.22,0.86,1
4,FPT.VN,DCM.VN,1,1,True,0.993176,0.501712,Materials,1.408413052192382,1.0825286719086675,0.5387315604569597,-0.0288722344952443,0.0204555889721782,10.7181,0.21162,4.83,0.247,0
5,FPT.VN,IMP.VN,1,1,True,1.126825,0.470185,Pharma,1.7667670571919143,1.582613192983587,0.7233686826036201,0.1024286965974659,0.0193584330975308,23.251432,0.15421,1.07,0.463,0
1,CMG.VN,DGW.VN,3,3,True,0.549064,0.645551,Retail,0.4211881512174837,1.0295185046769957,-1.0846897833892364,-0.026478671590113,0.0246412457327064,14.306151,0.19156,2.4,0.327,0
2,CMG.VN,MIG.VN,3,3,True,0.645866,0.607583,Insurance,1.0193422617213066,0.147272304202033,-1.4163816242548106,0.0882566002313378,0.0181791661805172,11.454754,0.12516,2.81,0.398,0
3,CMG.VN,GIL.VN,3,3,True,0.75774,0.568912,Textile,1.4095970665214774,0.6582681265393302,-1.4977191030760544,-0.3477218225419664,0.025376697296959,13.7126755,0.01754,2.81,0.637,0
4,CMG.VN,NLG.VN,3,3,True,0.89368,0.528072,Real Estate,0.9564162716278372,-0.1595580826414922,-1.4925625412157997,-0.1493231322188107,0.0263260838236888,20.201939,0.06429,1.83,0.836,0
5,CMG.VN,ELC.VN,3,3,True,0.893689,0.52807,Technology,1.1409544596936996,0.7048891472065151,-0.6885578109939908,-0.0166345969169657,0.0196960507041994,13.7126755,0.091730006,2.81,0.589,0
1,ELC.VN,DPM.VN,3,3,True,0.262016,0.792383,Materials,0.9825825223148164,0.5074875566848287,-0.6207107990654299,0.1781509538782171,0.0202778928459491,16.666666,0.1116,3.28,0.36,0
2,ELC.VN,BWE.VN,3,3,True,0.56055,0.6408,Utilities,0.9477733154200886,0.2168447765056616,-0.4918078077728923,0.0241725822063703,0.0152387972763647,10.952903,0.18269,2.95,-0.058,0
3,ELC.VN,TCM.VN,3,3,True,0.831657,0.545954,Textile,1.7152680701998562,0.3989334034370477,-1.206445873235633,-0.3779021819415997,0.0187423740366779,11.061946,0.10875,4.39,0.364,0
4,ELC.VN,GIL.VN,3,3,True,0.853864,0.539414,Textile,1.4095970665214774,0.6582681265393302,-1.4977191030760544,-0.3477218225419664,0.025376697296959,13.7126755,0.01754,2.81,0.637,0
5,ELC.VN,GVR.VN,3,3,True,0.869842,0.534805,Materials,0.4652858717629508,0.1874816389487817,-0.5085956977221633,-0.1154319939632806,0.0239681152682698,23.923445,0.09948,1.1,1.426,0
1,MWG.VN,BSR.VN,3,3,True,0.896635,0.52725,Energy,-0.0663812572639074,0.5482362527450164,-0.3806040697476178,0.2112499748094352,0.027648296818571,11.709601,0.14062999,2.81,0.589,1
2,MWG.VN,DGW.VN,3,3,True,1.35161,0.425241,Retail,0.4211881512174837,1.0295185046769957,-1.0846897833892364,-0.026478671590113,0.0246412457327064,14.306151,0.19156,2.4,0.327,0
3,MWG.VN,GVR.VN,3,3,True,1.385952,0.41912,Materials,0.4652858717629508,0.1874816389487817,-0.5085956977221633,-0.1154319939632806,0.0239681152682698,23.923445,0.09948,1.1,1.426,0
4,MWG.VN,DPM.VN,3,3,True,1.52608,0.39587,Materials,0.9825825223148164,0.5074875566848287,-0.6207107990654299,0.1781509538782171,0.0202778928459491,16.666666,0.1116,3.28,0.36,0
5,MWG.VN,VCG.VN,3,3,True,1.569633,0.389161,Construction,0.3887207746328896,-0.1510255594340172,0.5779290074171131,0.4012785924547486,0.0216027818656745,4.991839436,0.33854,3.56,0.551,1
1,FRT.VN,HVN.VN,3,3,True,0.987071,0.503253,Aviation,-1.2486339563240592,2.070750022389298,-1.1589886486161507,-0.1335616438356164,0.0272692337674402,7.4906235,0.15097,2.81,0.763,0
2,FRT.VN,MSN.VN,3,3,True,1.800033,0.357139,Consumer,-1.0400360832761366,1.1882692248760989,-1.2693871403882515,0.0861581920903955,0.0209355049383975,23.310024,0.1731,2.81,0.78,0
3,FRT.VN,MWG.VN,3,3,True,2.012313,0.331971,Retail,-0.0929131789744725,1.277411979467408,0.1405032960838166,0.4814089260772629,0.020571817104407,14.285714,0.2525,1.26,0.449,1
4,FRT.VN,BVH.VN,3,3,True,2.034018,0.329596,Insurance,-0.6700385330225586,1.338404206652389,-1.9720618134017769,0.1755466445736297,0.0231792948849196,17.331022,0.12069,1.46,0.201,0
5,FRT.VN,DGW.VN,3,3,True,2.352144,0.298317,Retail,0.4211881512174837,1.0295185046769957,-1.0846897833892364,-0.026478671590113,0.0246412457327064,14.306151,0.19156,2.4,0.327,0
1,DGW.VN,CMG.VN,3,3,True,0.549064,0.645551,Technology,0.6545328067414706,0.67980899162376,-1.4378541447648523,-0.2768762765880025,0.0226051397584824,14.947683,0.13036999,2.81,0.379,0
2,DGW.VN,ELC.VN,3,3,True,0.883385,0.530959,Technology,1.1409544596936996,0.7048891472065151,-0.6885578109939908,-0.0166345969169657,0.0196960507041994,13.7126755,0.091730006,2.81,0.589,0
3,DGW.VN,DPM.VN,3,3,True,0.896078,0.527404,Materials,0.9825825223148164,0.5074875566848287,-0.6207107990654299,0.1781509538782171,0.0202778928459491,16.666666,0.1116,3.28,0.36,0
4,DGW.VN,BSR.VN,3,3,True,0.982392,0.504441,Energy,-0.0663812572639074,0.5482362527450164,-0.3806040697476178,0.2112499748094352,0.027648296818571,11.709601,0.14062999,2.81,0.589,1
5,DGW.VN,GVR.VN,3,3,True,1.021203,0.494755,Materials,0.4652858717629508,0.1874816389487817,-0.5085956977221633,-0.1154319939632806,0.0239681152682698,23.923445,0.09948,1.1,1.426,0
1,PNJ.VN,FPT.VN,1,1,True,0.532754,0.65242,Technology,0.7058942619477204,1.5093960328413336,1.0960909023445122,-0.2550376181275305,0.0195563645051299,14.184397,0.2849,2.61,0.426,0
2,PNJ.VN,GAS.VN,1,1,True,0.687185,0.592703,Energy,1.2661347469459754,2.259306006829578,1.8616767823368847,0.169565246032991,0.0177682020129978,18.621975,0.17497,2.41,0.698,0
3,PNJ.VN,IMP.VN,1,1,True,1.090264,0.478408,Pharma,1.7667670571919143,1.582613192983587,0.7233686826036201,0.1024286965974659,0.0193584330975308,23.251432,0.15421,1.07,0.463,0
4,PNJ.VN,GMD.VN,1,1,True,1.223415,0.449759,Logistics,1.273744340071224,0.9524107269626222,0.6628103028716904,-0.0353992317450673,0.022688778512154,18.148819,0.16347,2.95,0.589,0
5,PNJ.VN,TRA.VN,1,1,True,1.244718,0.44549,Pharma,2.0295127631028107,1.8184321748498509,0.7606643337811277,0.0082690409245247,0.0120320791108592,14.025245,0.19500999,5.06,0.123,0
1,HPG.VN,VCI.VN,0,0,True,0.557333,0.642124,Securities,-0.6398836818553962,-1.543519223348965,0.0598609225488672,0.0639194008565022,0.0227031571122266,18.018017,0.09283,2.26,0.876,0
2,HPG.VN,VND.VN,0,0,True,1.007354,0.498168,Securities,-1.1533099872887382,-1.909555804018373,0.7132687747736046,0.6128136045330321,0.0274602437098891,11.389522,0.105179995,3.06,1.06,1
3,HPG.VN,SSI.VN,0,0,True,1.282221,0.43817,Securities,-1.1958723563094038,-2.075779537703797,0.9322904865263442,0.2092338377699256,0.0240476618610594,13.157894,0.13479,3.36,1.169,1
4,HPG.VN,VRE.VN,0,0,True,1.685055,0.372432,Real Estate,-0.2514355076346181,-1.4147653281705646,1.4847513283086045,0.8959537572254335,0.0266830342820469,10.842795,0.14773,2.81,0.927,1
5,HPG.VN,MSB.VN,0,0,True,1.719481,0.367717,Banking,0.1798875868651935,-2.315377641770072,0.3829632803777725,0.2987012987012987,0.020046630538867,7.6745768,0.14335,2.81,0.615,0
1,HSG.VN,EIB.VN,3,3,True,0.382205,0.723482,Banking,-0.0863990328147885,-0.7974594326596467,-2.07847381086615,0.1546666666666667,0.0254436508027534,53.475937,0.02865,2.81,-0.09976,1
2,HSG.VN,VDS.VN,3,3,True,0.741414,0.574246,Securities,-0.2482333775603837,-0.4694284224400342,-1.531727628077095,-0.098053536552867,0.0283973528460756,15.037594,0.08043,2.81,1.003,0
3,HSG.VN,DIG.VN,3,3,True,0.756501,0.569314,Midcap,0.2303511141175495,-0.5574543263791272,-1.6342646020022478,-0.0635751143713587,0.0293149500956468,13.210039,0.07079,2.81,0.957,0
4,HSG.VN,NKG.VN,3,3,True,0.800278,0.55547,Materials,-0.2604094231444359,-0.4068551762659061,-3.061592753870445,0.023890784982935,0.023787045978346,38.461536,0.02019,2.81,0.923,0
5,HSG.VN,DXG.VN,3,3,True,0.893088,0.528238,Real Estate,-1.0348917626736815,-0.2441312238836552,-2.255291287031199,0.3041400989967509,0.0267534691992001,76.33388,0.03827,2.81,0.808,1
1,NKG.VN,ASM.VN,3,3,True,0.669074,0.599135,Midcap,0.1961616257902347,0.0817202248557844,-3.083890265918204,-0.177225419592645,0.0204371119842378,21.834227,0.02665,2.81,0.648,0
2,NKG.VN,HSG.VN,3,3,True,0.800278,0.55547,Materials,-0.1730323642849626,-0.4778160764212283,-2.2692707077742527,-0.1147595790956365,0.0222505321158291,19.157087,0.04765,3.36,1.089,1
3,NKG.VN,SCR.VN,3,3,True,0.853961,0.539386,Midcap,-0.9762491630317174,-0.1181945264351663,-2.696219965892604,0.341549295774648,0.0268665445927491,26.246077,0.017144,2.81,0.726,1
4,NKG.VN,EIB.VN,3,3,True,1.072089,0.482605,Banking,-0.0863990328147885,-0.7974594326596467,-2.07847381086615,0.1546666666666667,0.0254436508027534,53.475937,0.02865,2.81,-0.09976,1
5,NKG.VN,DXG.VN,3,3,True,1.129789,0.46953,Real Estate,-1.0348917626736815,-0.2441312238836552,-2.255291287031199,0.3041400989967509,0.0267534691992001,76.33388,0.03827,2.81,0.808,1
1,DGC.VN,SAB.VN,1,1,True,0.584504,0.631112,Consumer,2.992738195242844,2.3806607422514032,2.4180139581765943,-0.0516897119149943,0.0152928993266467,13.140604,0.20154,10.42,0.362,0
2,DGC.VN,DHG.VN,1,1,True,0.986888,0.5033,Pharma,2.8616509878919376,2.787587322283391,2.711181211856626,0.0474387088432883,0.0117430394098232,14.224751,0.20486,5.26,0.329,0
3,DGC.VN,VNM.VN,1,1,True,1.841744,0.351897,Consumer,1.6636387669691306,2.4172776033941266,2.3325880121079043,0.0616401954500214,0.0163844055164813,13.400106,0.2768,9.07,0.393,0
4,DGC.VN,TRA.VN,1,1,True,2.251358,0.307564,Pharma,2.0295127631028107,1.8184321748498509,0.7606643337811277,0.0082690409245247,0.0120320791108592,14.025245,0.19500999,5.06,0.123,0
5,DGC.VN,GAS.VN,1,1,True,2.29086,0.303872,Energy,1.2661347469459754,2.259306006829578,1.8616767823368847,0.169565246032991,0.0177682020129978,18.621975,0.17497,2.41,0.698,0
1,DCM.VN,GMD.VN,1,1,True,0.224637,0.816568,Logistics,1.273744340071224,0.9524107269626222,0.6628103028716904,-0.0353992317450673,0.022688778512154,18.148819,0.16347,2.95,0.589,0
2,DCM.VN,NT2.VN,1,1,True,0.334874,0.749134,Utilities,1.7124482786291613,1.217816392736829,0.501305899568439,0.248684876787723,0.0192524306582566,5.200208,0.28186,3.04,0.178,0
3,DCM.VN,VHC.VN,1,1,True,0.444221,0.692415,Seafood,1.6861952524081785,1.409847602159671,0.4245736321261498,-0.1762490291238402,0.0239806814493177,8.849558,0.1619,6.8,0.467,0
4,DCM.VN,IMP.VN,1,1,True,0.642334,0.60889,Pharma,1.7667670571919143,1.582613192983587,0.7233686826036201,0.1024286965974659,0.0193584330975308,23.251432,0.15421,1.07,0.463,0
5,DCM.VN,PAN.VN,1,1,True,0.67241,0.59794,Midcap,1.517882014965387,1.4440597983084122,-0.0175478632189867,0.1768695562953925,0.0220046043842235,6.016847,0.17608999,9.32,0.626,0
1,DPM.VN,ELC.VN,3,3,True,0.262016,0.792383,Technology,1.1409544596936996,0.7048891472065151,-0.6885578109939908,-0.0166345969169657,0.0196960507041994,13.7126755,0.091730006,2.81,0.589,0
2,DPM.VN,BWE.VN,3,3,True,0.319845,0.757665,Utilities,0.9477733154200886,0.2168447765056616,-0.4918078077728923,0.0241725822063703,0.0152387972763647,10.952903,0.18269,2.95,-0.058,0
3,DPM.VN,GVR.VN,3,3,True,0.618522,0.617848,Materials,0.4652858717629508,0.1874816389487817,-0.5085956977221633,-0.1154319939632806,0.0239681152682698,23.923445,0.09948,1.1,1.426,0
4,DPM.VN,MIG.VN,3,3,True,0.874184,0.533565,Insurance,1.0193422617213066,0.147272304202033,-1.4163816242548106,0.0882566002313378,0.0181791661805172,11.454754,0.12516,2.81,0.398,0
5,DPM.VN,DGW.VN,3,3,True,0.896078,0.527404,Retail,0.4211881512174837,1.0295185046769957,-1.0846897833892364,-0.026478671590113,0.0246412457327064,14.306151,0.19156,2.4,0.327,0
1,GVR.VN,DBC.VN,3,3,True,0.404449,0.712023,Consumer,0.3125144170539017,-0.1329515053881547,-0.7024057554276693,0.1154593793542868,0.0221643481758674,6.455768,0.1751,2.81,1.095,0
2,GVR.VN,BWE.VN,3,3,True,0.483672,0.674004,Utilities,0.9477733154200886,0.2168447765056616,-0.4918078077728923,0.0241725822063703,0.0152387972763647,10.952903,0.18269,2.95,-0.058,0
3,GVR.VN,DPM.VN,3,3,True,0.618522,0.617848,Materials,0.9825825223148164,0.5074875566848287,-0.6207107990654299,0.1781509538782171,0.0202778928459491,16.666666,0.1116,3.28,0.36,0
4,GVR.VN,BSR.VN,3,3,True,0.65513,0.604182,Energy,-0.0663812572639074,0.5482362527450164,-0.3806040697476178,0.2112499748094352,0.027648296818571,11.709601,0.14062999,2.81,0.589,1
5,GVR.VN,BCM.VN,3,3,True,0.841182,0.543129,Real Estate,0.0902338927265107,-0.5616154797370847,-0.4325926339735323,-0.1313559802458148,0.0204904646805737,17.152658,0.15845999,2.02,0.501,0
1,GAS.VN,VNM.VN,1,1,True,0.636178,0.611181,Consumer,1.6636387669691306,2.4172776033941266,2.3325880121079043,0.0616401954500214,0.0163844055164813,13.400106,0.2768,9.07,0.393,0
2,GAS.VN,PNJ.VN,1,1,True,0.687185,0.592703,Retail,0.9490294739001224,1.8933783182351,1.3740654524546545,0.0228182502783464,0.0212449964889569,9.98004,0.27692,2.04,0.544,0
3,GAS.VN,FPT.VN,1,1,True,1.209279,0.452636,Technology,0.7058942619477204,1.5093960328413336,1.0960909023445122,-0.2550376181275305,0.0195563645051299,14.184397,0.2849,2.61,0.426,0
4,GAS.VN,TRA.VN,1,1,True,1.410441,0.414862,Pharma,2.0295127631028107,1.8184321748498509,0.7606643337811277,0.0082690409245247,0.0120320791108592,14.025245,0.19500999,5.06,0.123,0
5,GAS.VN,IMP.VN,1,1,True,1.41573,0.413954,Pharma,1.7667670571919143,1.582613192983587,0.7233686826036201,0.1024286965974659,0.0193584330975308,23.251432,0.15421,1.07,0.463,0
1,PLX.VN,CTD.VN,3,3,True,0.398576,0.715013,Construction,-0.3350199713332089,0.3681225904179055,-1.9130425396364044,0.1202645070315704,0.0251887719191873,10.384215,0.0924,1.22,0.858,1
2,PLX.VN,BVH.VN,3,3,True,0.934567,0.516911,Insurance,-0.6700385330225586,1.338404206652389,-1.9720618134017769,0.1755466445736297,0.0231792948849196,17.331022,0.12069,1.46,0.201,0
3,PLX.VN,SCR.VN,3,3,True,0.994834,0.501295,Midcap,-0.9762491630317174,-0.1181945264351663,-2.696219965892604,0.341549295774648,0.0268665445927491,26.246077,0.017144,2.81,0.726,1
4,PLX.VN,HSG.VN,3,3,True,1.01278,0.496825,Materials,-0.1730323642849626,-0.4778160764212283,-2.2692707077742527,-0.1147595790956365,0.0222505321158291,19.157087,0.04765,3.36,1.089,1
5,PLX.VN,VSC.VN,3,3,True,1.029419,0.492752,Logistics,-0.7756894948204873,-0.1835175770937348,-1.6721250297129833,0.6307090446550514,0.0324981412910603,28.260214,0.081379995,2.43,0.42,1
1,POW.VN,VDS.VN,3,3,True,0.468439,0.680995,Securities,-0.2482333775603837,-0.4694284224400342,-1.531727628077095,-0.098053536552867,0.0283973528460756,15.037594,0.08043,2.81,1.003,0
2,POW.VN,PVD.VN,3,3,True,0.472674,0.679037,Energy,-0.3274026719026874,-0.0336282986573404,-1.0637455386070729,0.2406060695875214,0.0232617714218211,18.293636,0.071729995,1.53,0.635,0
3,POW.VN,FTS.VN,3,3,True,0.516011,0.659626,Securities,-0.3694959816825652,-0.5232639269285664,-1.0766478291047088,-0.1138394926209229,0.0237404427599565,22.172846,0.09175,2.12,0.716,0
4,POW.VN,DIG.VN,3,3,True,0.529005,0.65402,Midcap,0.2303511141175495,-0.5574543263791272,-1.6342646020022478,-0.0635751143713587,0.0293149500956468,13.210039,0.07079,2.81,0.957,0
5,POW.VN,DBC.VN,3,3,True,0.606932,0.622304,Consumer,0.3125144170539017,-0.1329515053881547,-0.7024057554276693,0.1154593793542868,0.0221643481758674,6.455768,0.1751,2.81,1.095,0
1,PVD.VN,POW.VN,3,3,True,0.472674,0.679037,Energy,0.048722940418396,-0.264548554676226,-1.2329367637130026,0.2693333849826409,0.020035017151258,12.594459,0.100480005,2.81,0.714,0
2,PVD.VN,FTS.VN,3,3,True,0.491611,0.670416,Securities,-0.3694959816825652,-0.5232639269285664,-1.0766478291047088,-0.1138394926209229,0.0237404427599565,22.172846,0.09175,2.12,0.716,0
3,PVD.VN,VDS.VN,3,3,True,0.644358,0.60814,Securities,-0.2482333775603837,-0.4694284224400342,-1.531727628077095,-0.098053536552867,0.0283973528460756,15.037594,0.08043,2.81,1.003,0
4,PVD.VN,DBC.VN,3,3,True,0.74157,0.574195,Consumer,0.3125144170539017,-0.1329515053881547,-0.7024057554276693,0.1154593793542868,0.0221643481758674,6.455768,0.1751,2.81,1.095,0
5,PVD.VN,VSC.VN,3,3,True,0.770424,0.564836,Logistics,-0.7756894948204873,-0.1835175770937348,-1.6721250297129833,0.6307090446550514,0.0324981412910603,28.260214,0.081379995,2.43,0.42,1
1,BSR.VN,GVR.VN,3,3,True,0.65513,0.604182,Materials,0.4652858717629508,0.1874816389487817,-0.5085956977221633,-0.1154319939632806,0.0239681152682698,23.923445,0.09948,1.1,1.426,0
2,BSR.VN,DBC.VN,3,3,True,0.843288,0.542509,Consumer,0.3125144170539017,-0.1329515053881547,-0.7024057554276693,0.1154593793542868,0.0221643481758674,6.455768,0.1751,2.81,1.095,0
3,BSR.VN,MWG.VN,3,3,True,0.896635,0.52725,Retail,-0.0929131789744725,1.277411979467408,0.1405032960838166,0.4814089260772629,0.020571817104407,14.285714,0.2525,1.26,0.449,1
4,BSR.VN,PVD.VN,3,3,True,0.934548,0.516916,Energy,-0.3274026719026874,-0.0336282986573404,-1.0637455386070729,0.2406060695875214,0.0232617714218211,18.293636,0.071729995,1.53,0.635,0
5,BSR.VN,DGW.VN,3,3,True,0.982392,0.504441,Retail,0.4211881512174837,1.0295185046769957,-1.0846897833892364,-0.026478671590113,0.0246412457327064,14.306151,0.19156,2.4,0.327,0
1,BCM.VN,KBC.VN,3,3,True,0.451676,0.688859,Real Estate,0.0584350335757305,-0.8044573575623373,-0.8121031442421157,0.2554744525547445,0.0244279246992217,18.939394,0.06577,2.81,1.038,0
2,BCM.VN,DBC.VN,3,3,True,0.553137,0.643858,Consumer,0.3125144170539017,-0.1329515053881547,-0.7024057554276693,0.1154593793542868,0.0221643481758674,6.455768,0.1751,2.81,1.095,0
3,BCM.VN,HAG.VN,3,3,True,0.758029,0.568819,Midcap,0.0754783450038156,-0.8170892467253151,0.2809366766738503,0.4430894308943089,0.0257815225791926,6.127451,0.2375,2.81,0.327,1
4,BCM.VN,FTS.VN,3,3,True,0.792231,0.557964,Securities,-0.3694959816825652,-0.5232639269285664,-1.0766478291047088,-0.1138394926209229,0.0237404427599565,22.172846,0.09175,2.12,0.716,0
5,BCM.VN,HCM.VN,3,3,True,0.810361,0.552376,Securities,-0.5356255327941862,-1.0744130944459145,-0.4775805054334824,-0.1993704379005995,0.0241506269123989,19.455254,0.10057,2.49,0.942,0
1,DXG.VN,SCR.VN,3,3,True,0.462295,0.683856,Midcap,-0.9762491630317174,-0.1181945264351663,-2.696219965892604,0.341549295774648,0.0268665445927491,26.246077,0.017144,2.81,0.726,1
2,DXG.VN,VSC.VN,3,3,True,0.641048,0.609367,Logistics,-0.7756894948204873,-0.1835175770937348,-1.6721250297129833,0.6307090446550514,0.0324981412910603,28.260214,0.081379995,2.43,0.42,1
3,DXG.VN,HSG.VN,3,3,True,0.893088,0.528238,Materials,-0.1730323642849626,-0.4778160764212283,-2.2692707077742527,-0.1147595790956365,0.0222505321158291,19.157087,0.04765,3.36,1.089,1
4,DXG.VN,CTD.VN,3,3,True,0.990863,0.502295,Construction,-0.3350199713332089,0.3681225904179055,-1.9130425396364044,0.1202645070315704,0.0251887719191873,10.384215,0.0924,1.22,0.858,1
5,DXG.VN,PET.VN,3,3,True,1.004952,0.498765,Midcap,-1.3929764500712911,0.6721669694383738,-2.460479485876907,0.3438734967259778,0.029222129533992,17.15263,0.15958,1.03,0.409,1
1,KBC.VN,BCM.VN,3,3,True,0.451676,0.688859,Real Estate,0.0902338927265107,-0.5616154797370847,-0.4325926339735323,-0.1313559802458148,0.0204904646805737,17.152658,0.15845999,2.02,0.501,0
2,KBC.VN,FTS.VN,3,3,True,0.576349,0.634377,Securities,-0.3694959816825652,-0.5232639269285664,-1.0766478291047088,-0.1138394926209229,0.0237404427599565,22.172846,0.09175,2.12,0.716,0
3,KBC.VN,POW.VN,3,3,True,0.684614,0.593608,Energy,0.048722940418396,-0.264548554676226,-1.2329367637130026,0.2693333849826409,0.020035017151258,12.594459,0.100480005,2.81,0.714,0
4,KBC.VN,DBC.VN,3,3,True,0.726299,0.579274,Consumer,0.3125144170539017,-0.1329515053881547,-0.7024057554276693,0.1154593793542868,0.0221643481758674,6.455768,0.1751,2.81,1.095,0
5,KBC.VN,HCM.VN,3,3,True,0.733273,0.576943,Securities,-0.5356255327941862,-1.0744130944459145,-0.4775805054334824,-0.1993704379005995,0.0241506269123989,19.455254,0.10057,2.49,0.942,0
1,KDH.VN,REE.VN,1,1,True,0.373885,0.727863,Utilities,1.3347992905062238,0.1458754214607675,0.2044955893645689,0.0696684211406044,0.0162970917113663,13.12336,0.13587,1.63,0.122,0
2,KDH.VN,GMD.VN,1,1,True,0.861174,0.537295,Logistics,1.273744340071224,0.9524107269626222,0.6628103028716904,-0.0353992317450673,0.022688778512154,18.148819,0.16347,2.95,0.589,0
3,KDH.VN,DCM.VN,1,1,True,0.890853,0.528862,Materials,1.408413052192382,1.0825286719086675,0.5387315604569597,-0.0288722344952443,0.0204555889721782,10.7181,0.21162,4.83,0.247,0
4,KDH.VN,PAN.VN,1,1,True,1.085586,0.479481,Midcap,1.517882014965387,1.4440597983084122,-0.0175478632189867,0.1768695562953925,0.0220046043842235,6.016847,0.17608999,9.32,0.626,0
5,KDH.VN,NT2.VN,1,1,True,1.089798,0.478515,Utilities,1.7124482786291613,1.217816392736829,0.501305899568439,0.248684876787723,0.0192524306582566,5.200208,0.28186,3.04,0.178,0
1,NLG.VN,MIG.VN,3,3,True,0.322348,0.756231,Insurance,1.0193422617213066,0.147272304202033,-1.4163816242548106,0.0882566002313378,0.0181791661805172,11.454754,0.12516,2.81,0.398,0
2,NLG.VN,BMI.VN,3,3,True,0.795652,0.556901,Insurance,1.5629982589854747,0.1626759881760358,-1.8941668491606047,-0.0336654353450456,0.0166956701419116,11.060508,0.085719995,3.05,0.095,0
3,NLG.VN,DIG.VN,3,3,True,0.839983,0.543483,Midcap,0.2303511141175495,-0.5574543263791272,-1.6342646020022478,-0.0635751143713587,0.0293149500956468,13.210039,0.07079,2.81,0.957,0
4,NLG.VN,CMG.VN,3,3,True,0.89368,0.528072,Technology,0.6545328067414706,0.67980899162376,-1.4378541447648523,-0.2768762765880025,0.0226051397584824,14.947683,0.13036999,2.81,0.379,0
5,NLG.VN,GIL.VN,3,3,True,0.935008,0.516794,Textile,1.4095970665214774,0.6582681265393302,-1.4977191030760544,-0.3477218225419664,0.025376697296959,13.7126755,0.01754,2.81,0.637,0
1,PDR.VN,DIG.VN,3,3,True,0.716175,0.582691,Midcap,0.2303511141175495,-0.5574543263791272,-1.6342646020022478,-0.0635751143713587,0.0293149500956468,13.210039,0.07079,2.81,0.957,0
2,PDR.VN,EIB.VN,3,3,True,0.811518,0.552023,Banking,-0.0863990328147885,-0.7974594326596467,-2.07847381086615,0.1546666666666667,0.0254436508027534,53.475937,0.02865,2.81,-0.09976,1
3,PDR.VN,HHV.VN,3,3,True,0.991481,0.502139,Construction,-0.3034852071766025,-1.3919864539991256,-1.5049637468479429,0.1756409962028997,0.022003179583098,9.349885,0.05924,2.81,0.786,1
4,PDR.VN,NLG.VN,3,3,True,1.093245,0.477727,Real Estate,0.9564162716278372,-0.1595580826414922,-1.4925625412157997,-0.1493231322188107,0.0263260838236888,20.201939,0.06429,1.83,0.836,0
5,PDR.VN,HSG.VN,3,3,True,1.114355,0.472957,Materials,-0.1730323642849626,-0.4778160764212283,-2.2692707077742527,-0.1147595790956365,0.0222505321158291,19.157087,0.04765,3.36,1.089,1
1,VHM.VN,VIC.VN,2,2,True,6.194383,0.138997,Real Estate,-13.4665818113871,4.61322803952263,1.6028554986192098,2.549734895191145,0.0307735562632477,100.99298720000029,0.09277,2.81,1.4812000000000003,1
2,VHM.VN,VJC.VN,2,3,False,6.031101,0.142225,Aviation,-3.5888946403512514,3.0107864899314265,-1.32533293647998,1.056056056056056,0.0254452606456637,40.03932,0.114259996,2.81,0.486,1
3,VHM.VN,SJS.VN,2,0,False,6.329633,0.136432,Midcap,-2.220176218590075,0.08226645320624,1.2032328457210977,1.179172464280397,0.029363369450056,34.72222,0.14119,2.81,0.365,1
4,VHM.VN,HVN.VN,2,3,False,7.752376,0.114255,Aviation,-1.2486339563240592,2.070750022389298,-1.1589886486161507,-0.1335616438356164,0.0272692337674402,7.4906235,0.15097,2.81,0.763,0
5,VHM.VN,CII.VN,2,3,False,7.753432,0.114241,Construction,-3.0921389067319947,-0.2341248424289533,-2.5670184063226023,0.8218849444431355,0.0316324739309666,93.45794,0.02888,2.84,0.754,1
1,VIC.VN,VHM.VN,2,2,True,6.194383,0.138997,Real Estate,-7.807104018239824,2.487970482108967,2.9533992273620617,1.9375,0.0280356588276708,28.653296,0.26724002,2.81,1.356,1
2,VIC.VN,VJC.VN,2,3,False,10.426448,0.087516,Aviation,-3.5888946403512514,3.0107864899314265,-1.32533293647998,1.056056056056056,0.0254452606456637,40.03932,0.114259996,2.81,0.486,1
3,VIC.VN,SJS.VN,2,0,False,12.131403,0.076153,Midcap,-2.220176218590075,0.08226645320624,1.2032328457210977,1.179172464280397,0.029363369450056,34.72222,0.14119,2.81,0.365,1
4,VIC.VN,CII.VN,2,3,False,12.186622,0.075834,Construction,-3.0921389067319947,-0.2341248424289533,-2.5670184063226023,0.8218849444431355,0.0316324739309666,93.45794,0.02888,2.84,0.754,1
5,VIC.VN,HVN.VN,2,3,False,12.781636,0.07256,Aviation,-1.2486339563240592,2.070750022389298,-1.1589886486161507,-0.1335616438356164,0.0272692337674402,7.4906235,0.15097,2.81,0.763,0
1,VRE.VN,LPB.VN,0,0,True,0.337243,0.747808,Banking,-0.3167351196932483,-1.352705408999751,1.8097390812205705,0.4393881267431054,0.0215746621720011,14.226691,0.23426001,5.64,0.725,1
2,VRE.VN,TPB.VN,0,0,True,1.122148,0.471221,Banking,0.3708018348302654,-2.145622376447057,0.9034732970059508,0.1714584022069438,0.0222481317541997,5.9307694,0.16904,6.03,0.668,0
3,VRE.VN,VIB.VN,0,0,True,1.125325,0.470516,Banking,0.5728683806502743,-1.6985759955596464,0.7731817200732893,0.0708319959311818,0.0177450868318352,7.132668,0.16360001,5.66,0.57,0
4,VRE.VN,SSI.VN,0,0,True,1.278325,0.438919,Securities,-1.1958723563094038,-2.075779537703797,0.9322904865263442,0.2092338377699256,0.0240476618610594,13.157894,0.13479,3.36,1.169,1
5,VRE.VN,VND.VN,0,0,True,1.285838,0.437476,Securities,-1.1533099872887382,-1.909555804018373,0.7132687747736046,0.6128136045330321,0.0274602437098891,11.389522,0.105179995,3.06,1.06,1
1,DBC.VN,GVR.VN,3,3,True,0.404449,0.712023,Materials,0.4652858717629508,0.1874816389487817,-0.5085956977221633,-0.1154319939632806,0.0239681152682698,23.923445,0.09948,1.1,1.426,0
2,DBC.VN,BCM.VN,3,3,True,0.553137,0.643858,Real Estate,0.0902338927265107,-0.5616154797370847,-0.4325926339735323,-0.1313559802458148,0.0204904646805737,17.152658,0.15845999,2.02,0.501,0
3,DBC.VN,POW.VN,3,3,True,0.606932,0.622304,Energy,0.048722940418396,-0.264548554676226,-1.2329367637130026,0.2693333849826409,0.020035017151258,12.594459,0.100480005,2.81,0.714,0
4,DBC.VN,KBC.VN,3,3,True,0.726299,0.579274,Real Estate,0.0584350335757305,-0.8044573575623373,-0.8121031442421157,0.2554744525547445,0.0244279246992217,18.939394,0.06577,2.81,1.038,0
5,DBC.VN,PVD.VN,3,3,True,0.74157,0.574195,Energy,-0.3274026719026874,-0.0336282986573404,-1.0637455386070729,0.2406060695875214,0.0232617714218211,18.293636,0.071729995,1.53,0.635,0
1,MSN.VN,BVH.VN,3,3,True,0.808202,0.553036,Insurance,-0.6700385330225586,1.338404206652389,-1.9720618134017769,0.1755466445736297,0.0231792948849196,17.331022,0.12069,1.46,0.201,0
2,MSN.VN,HVN.VN,3,3,True,0.913495,0.522604,Aviation,-1.2486339563240592,2.070750022389298,-1.1589886486161507,-0.1335616438356164,0.0272692337674402,7.4906235,0.15097,2.81,0.763,0
3,MSN.VN,CTD.VN,3,3,True,1.258563,0.442759,Construction,-0.3350199713332089,0.3681225904179055,-1.9130425396364044,0.1202645070315704,0.0251887719191873,10.384215,0.0924,1.22,0.858,1
4,MSN.VN,PET.VN,3,3,True,1.345225,0.426398,Midcap,-1.3929764500712911,0.6721669694383738,-2.460479485876907,0.3438734967259778,0.029222129533992,17.15263,0.15958,1.03,0.409,1
5,MSN.VN,PLX.VN,3,3,True,1.400534,0.416574,Energy,-0.3374437855788064,0.5214616019652817,-2.280933831787616,-0.0314987260906539,0.0184406830827889,49.750957,0.07374,2.79,1.093,1
1,SAB.VN,DHG.VN,1,1,True,0.518382,0.658596,Pharma,2.8616509878919376,2.787587322283391,2.711181211856626,0.0474387088432883,0.0117430394098232,14.224751,0.20486,5.26,0.329,0
2,SAB.VN,DGC.VN,1,1,True,0.584504,0.631112,Materials,3.458501353417288,2.034308240671208,2.4869322657719057,-0.3889403636764981,0.0220530000529658,7.390983,0.18456,6.25,0.314,0
3,SAB.VN,VNM.VN,1,1,True,1.332345,0.428753,Consumer,1.6636387669691306,2.4172776033941266,2.3325880121079043,0.0616401954500214,0.0163844055164813,13.400106,0.2768,9.07,0.393,0
4,SAB.VN,GAS.VN,1,1,True,1.818075,0.354852,Energy,1.2661347469459754,2.259306006829578,1.8616767823368847,0.169565246032991,0.0177682020129978,18.621975,0.17497,2.41,0.698,0
5,SAB.VN,TRA.VN,1,1,True,1.997677,0.333592,Pharma,2.0295127631028107,1.8184321748498509,0.7606643337811277,0.0082690409245247,0.0120320791108592,14.025245,0.19500999,5.06,0.123,0
1,VNM.VN,GAS.VN,1,1,True,0.636178,0.611181,Energy,1.2661347469459754,2.259306006829578,1.8616767823368847,0.169565246032991,0.0177682020129978,18.621975,0.17497,2.41,0.698,0
2,VNM.VN,PNJ.VN,1,1,True,1.305336,0.433776,Retail,0.9490294739001224,1.8933783182351,1.3740654524546545,0.0228182502783464,0.0212449964889569,9.98004,0.27692,2.04,0.544,0
3,VNM.VN,DHG.VN,1,1,True,1.309846,0.432929,Pharma,2.8616509878919376,2.787587322283391,2.711181211856626,0.0474387088432883,0.0117430394098232,14.224751,0.20486,5.26,0.329,0
4,VNM.VN,SAB.VN,1,1,True,1.332345,0.428753,Consumer,2.992738195242844,2.3806607422514032,2.4180139581765943,-0.0516897119149943,0.0152928993266467,13.140604,0.20154,10.42,0.362,0
5,VNM.VN,TRA.VN,1,1,True,1.72146,0.36745,Pharma,2.0295127631028107,1.8184321748498509,0.7606643337811277,0.0082690409245247,0.0120320791108592,14.025245,0.19500999,5.06,0.123,0
1,HVN.VN,MSN.VN,3,3,True,0.913495,0.522604,Consumer,-1.0400360832761366,1.1882692248760989,-1.2693871403882515,0.0861581920903955,0.0209355049383975,23.310024,0.1731,2.81,0.78,0
2,HVN.VN,FRT.VN,3,3,True,0.987071,0.503253,Retail,-0.961710341826285,2.8909704017677207,-0.6907756048802219,-0.0116434689507494,0.0224580563349867,24.570024,0.29212,2.81,0.014,1
3,HVN.VN,BVH.VN,3,3,True,1.237817,0.446864,Insurance,-0.6700385330225586,1.338404206652389,-1.9720618134017769,0.1755466445736297,0.0231792948849196,17.331022,0.12069,1.46,0.201,0
4,HVN.VN,MWG.VN,3,3,True,1.91148,0.343468,Retail,-0.0929131789744725,1.277411979467408,0.1405032960838166,0.4814089260772629,0.020571817104407,14.285714,0.2525,1.26,0.449,1
5,HVN.VN,PET.VN,3,3,True,1.91592,0.342945,Midcap,-1.3929764500712911,0.6721669694383738,-2.460479485876907,0.3438734967259778,0.029222129533992,17.15263,0.15958,1.03,0.409,1
1,VJC.VN,HVN.VN,3,3,True,2.527481,0.283488,Aviation,-1.2486339563240592,2.070750022389298,-1.1589886486161507,-0.1335616438356164,0.0272692337674402,7.4906235,0.15097,2.81,0.763,0
2,VJC.VN,FRT.VN,3,3,True,2.705387,0.269877,Retail,-0.961710341826285,2.8909704017677207,-0.6907756048802219,-0.0116434689507494,0.0224580563349867,24.570024,0.29212,2.81,0.014,1
3,VJC.VN,MSN.VN,3,3,True,3.133908,0.241902,Consumer,-1.0400360832761366,1.1882692248760989,-1.2693871403882515,0.0861581920903955,0.0209355049383975,23.310024,0.1731,2.81,0.78,0
4,VJC.VN,PET.VN,3,3,True,3.402904,0.227123,Midcap,-1.3929764500712911,0.6721669694383738,-2.460479485876907,0.3438734967259778,0.029222129533992,17.15263,0.15958,1.03,0.409,1
5,VJC.VN,BVH.VN,3,3,True,3.425616,0.225957,Insurance,-0.6700385330225586,1.338404206652389,-1.9720618134017769,0.1755466445736297,0.0231792948849196,17.331022,0.12069,1.46,0.201,0
1,FTS.VN,VDS.VN,3,3,True,0.474026,0.678414,Securities,-0.2482333775603837,-0.4694284224400342,-1.531727628077095,-0.098053536552867,0.0283973528460756,15.037594,0.08043,2.81,1.003,0
2,FTS.VN,PVD.VN,3,3,True,0.491611,0.670416,Energy,-0.3274026719026874,-0.0336282986573404,-1.0637455386070729,0.2406060695875214,0.0232617714218211,18.293636,0.071729995,1.53,0.635,0
3,FTS.VN,POW.VN,3,3,True,0.516011,0.659626,Energy,0.048722940418396,-0.264548554676226,-1.2329367637130026,0.2693333849826409,0.020035017151258,12.594459,0.100480005,2.81,0.714,0
4,FTS.VN,KBC.VN,3,3,True,0.576349,0.634377,Real Estate,0.0584350335757305,-0.8044573575623373,-0.8121031442421157,0.2554744525547445,0.0244279246992217,18.939394,0.06577,2.81,1.038,0
5,FTS.VN,BCM.VN,3,3,True,0.792231,0.557964,Real Estate,0.0902338927265107,-0.5616154797370847,-0.4325926339735323,-0.1313559802458148,0.0204904646805737,17.152658,0.15845999,2.02,0.501,0
1,HCM.VN,STB.VN,3,3,True,0.532874,0.652369,Banking,-0.9364042747710468,-0.8605042393748268,-0.1990589247161282,0.6216216216216217,0.0222789882437298,13.7126755,0.07754,2.81,0.959,0
2,HCM.VN,KBC.VN,3,3,True,0.733273,0.576943,Real Estate,0.0584350335757305,-0.8044573575623373,-0.8121031442421157,0.2554744525547445,0.0244279246992217,18.939394,0.06577,2.81,1.038,0
3,HCM.VN,BCM.VN,3,3,True,0.810361,0.552376,Real Estate,0.0902338927265107,-0.5616154797370847,-0.4325926339735323,-0.1313559802458148,0.0204904646805737,17.152658,0.15845999,2.02,0.501,0
4,HCM.VN,FTS.VN,3,3,True,0.830811,0.546206,Securities,-0.3694959816825652,-0.5232639269285664,-1.0766478291047088,-0.1138394926209229,0.0237404427599565,22.172846,0.09175,2.12,0.716,0
5,HCM.VN,HAG.VN,3,3,True,1.007478,0.498137,Midcap,0.0754783450038156,-0.8170892467253151,0.2809366766738503,0.4430894308943089,0.0257815225791926,6.127451,0.2375,2.81,0.327,1
1,SSI.VN,VND.VN,0,0,True,0.278231,0.782331,Securities,-1.1533099872887382,-1.909555804018373,0.7132687747736046,0.6128136045330321,0.0274602437098891,11.389522,0.105179995,3.06,1.06,1
2,SSI.VN,TCB.VN,0,0,True,1.011726,0.497086,Banking,-1.007911631777444,-2.866310045191616,1.535051609029934,0.448046402424195,0.0201870092872197,8.787346,0.15788999,2.17,0.914,0
3,SSI.VN,BID.VN,0,0,True,1.0646,0.484355,Banking,-0.5061920008651106,-2.8167291669034777,1.2619981079916187,0.0428879177757983,0.0162964008701505,11.299435,0.18096,1.03,0.937,0
4,SSI.VN,VCB.VN,0,0,True,1.140565,0.467166,Banking,-0.9401963633177788,-2.77721330936436,1.7945599778929904,-0.0610578666104065,0.01506423413017,16.447369,0.16383,0.866,0.529,0
5,SSI.VN,VCI.VN,0,0,True,1.163425,0.46223,Securities,-0.6398836818553962,-1.543519223348965,0.0598609225488672,0.0639194008565022,0.0227031571122266,18.018017,0.09283,2.26,0.876,0
1,VCI.VN,HPG.VN,0,0,True,0.557333,0.642124,Materials,-1.0604594917035788,-1.179441604038712,0.0254656217977413,0.1777777208137272,0.0190352456489414,9.803921,0.16465001,1.88,0.973,0
2,VCI.VN,VND.VN,0,0,True,0.908037,0.524099,Securities,-1.1533099872887382,-1.909555804018373,0.7132687747736046,0.6128136045330321,0.0274602437098891,11.389522,0.105179995,3.06,1.06,1
3,VCI.VN,SSI.VN,0,0,True,1.163425,0.46223,Securities,-1.1958723563094038,-2.075779537703797,0.9322904865263442,0.2092338377699256,0.0240476618610594,13.157894,0.13479,3.36,1.169,1
4,VCI.VN,MSB.VN,0,0,True,1.171403,0.460532,Banking,0.1798875868651935,-2.315377641770072,0.3829632803777725,0.2987012987012987,0.020046630538867,7.6745768,0.14335,2.81,0.615,0
5,VCI.VN,VIB.VN,0,0,True,1.415499,0.413993,Banking,0.5728683806502743,-1.6985759955596464,0.7731817200732893,0.0708319959311818,0.0177450868318352,7.132668,0.16360001,5.66,0.57,0
1,VDS.VN,POW.VN,3,3,True,0.468439,0.680995,Energy,0.048722940418396,-0.264548554676226,-1.2329367637130026,0.2693333849826409,0.020035017151258,12.594459,0.100480005,2.81,0.714,0
2,VDS.VN,FTS.VN,3,3,True,0.474026,0.678414,Securities,-0.3694959816825652,-0.5232639269285664,-1.0766478291047088,-0.1138394926209229,0.0237404427599565,22.172846,0.09175,2.12,0.716,0
3,VDS.VN,DIG.VN,3,3,True,0.497298,0.66787,Midcap,0.2303511141175495,-0.5574543263791272,-1.6342646020022478,-0.0635751143713587,0.0293149500956468,13.210039,0.07079,2.81,0.957,0
4,VDS.VN,VSC.VN,3,3,True,0.616171,0.618747,Logistics,-0.7756894948204873,-0.1835175770937348,-1.6721250297129833,0.6307090446550514,0.0324981412910603,28.260214,0.081379995,2.43,0.42,1
5,VDS.VN,PVD.VN,3,3,True,0.644358,0.60814,Energy,-0.3274026719026874,-0.0336282986573404,-1.0637455386070729,0.2406060695875214,0.0232617714218211,18.293636,0.071729995,1.53,0.635,0
1,VIX.VN,LPB.VN,0,0,True,3.997332,0.200107,Banking,-0.3167351196932483,-1.352705408999751,1.8097390812205705,0.4393881267431054,0.0215746621720011,14.226691,0.23426001,5.64,0.725,1
2,VIX.VN,VCB.VN,0,0,True,4.275777,0.189546,Banking,-0.9401963633177788,-2.77721330936436,1.7945599778929904,-0.0610578666104065,0.01506423413017,16.447369,0.16383,0.866,0.529,0
3,VIX.VN,VRE.VN,0,0,True,4.328235,0.187679,Real Estate,-0.2514355076346181,-1.4147653281705646,1.4847513283086045,0.8959537572254335,0.0266830342820469,10.842795,0.14773,2.81,0.927,1
4,VIX.VN,HDB.VN,0,0,True,4.378027,0.185942,Banking,-0.4321998420011807,-3.715953535551429,2.157285719306726,0.444157572058522,0.0226980993606418,7.5277085,0.24431999,2.81,0.5,0
5,VIX.VN,CTG.VN,0,0,True,4.470213,0.182808,Banking,-0.6956412425765698,-3.861362809370724,2.1384053627687054,0.3693052018413842,0.0179343354414771,7.122507,0.22364001,0.89,0.741,0
1,VND.VN,SSI.VN,0,0,True,0.278231,0.782331,Securities,-1.1958723563094038,-2.075779537703797,0.9322904865263442,0.2092338377699256,0.0240476618610594,13.157894,0.13479,3.36,1.169,1
2,VND.VN,VCI.VN,0,0,True,0.908037,0.524099,Securities,-0.6398836818553962,-1.543519223348965,0.0598609225488672,0.0639194008565022,0.0227031571122266,18.018017,0.09283,2.26,0.876,0
3,VND.VN,HPG.VN,0,0,True,1.007354,0.498168,Materials,-1.0604594917035788,-1.179441604038712,0.0254656217977413,0.1777777208137272,0.0190352456489414,9.803921,0.16465001,1.88,0.973,0
4,VND.VN,BID.VN,0,0,True,1.242107,0.446009,Banking,-0.5061920008651106,-2.8167291669034777,1.2619981079916187,0.0428879177757983,0.0162964008701505,11.299435,0.18096,1.03,0.937,0
5,VND.VN,TCB.VN,0,0,True,1.269585,0.440609,Banking,-1.007911631777444,-2.866310045191616,1.535051609029934,0.448046402424195,0.0201870092872197,8.787346,0.15788999,2.17,0.914,0
1,BMI.VN,GIL.VN,3,3,True,0.652927,0.604987,Textile,1.4095970665214774,0.6582681265393302,-1.4977191030760544,-0.3477218225419664,0.025376697296959,13.7126755,0.01754,2.81,0.637,0
2,BMI.VN,MIG.VN,3,3,True,0.723932,0.580069,Insurance,1.0193422617213066,0.147272304202033,-1.4163816242548106,0.0882566002313378,0.0181791661805172,11.454754,0.12516,2.81,0.398,0
3,BMI.VN,TCM.VN,3,3,True,0.742943,0.573742,Textile,1.7152680701998562,0.3989334034370477,-1.206445873235633,-0.3779021819415997,0.0187423740366779,11.061946,0.10875,4.39,0.364,0
4,BMI.VN,NLG.VN,3,3,True,0.795652,0.556901,Real Estate,0.9564162716278372,-0.1595580826414922,-1.4925625412157997,-0.1493231322188107,0.0263260838236888,20.201939,0.06429,1.83,0.836,0
5,BMI.VN,CMG.VN,3,3,True,1.140595,0.46716,Technology,0.6545328067414706,0.67980899162376,-1.4378541447648523,-0.2768762765880025,0.0226051397584824,14.947683,0.13036999,2.81,0.379,0
1,BVH.VN,MSN.VN,3,3,True,0.808202,0.553036,Consumer,-1.0400360832761366,1.1882692248760989,-1.2693871403882515,0.0861581920903955,0.0209355049383975,23.310024,0.1731,2.81,0.78,0
2,BVH.VN,PLX.VN,3,3,True,0.934567,0.516911,Energy,-0.3374437855788064,0.5214616019652817,-2.280933831787616,-0.0314987260906539,0.0184406830827889,49.750957,0.07374,2.79,1.093,1
3,BVH.VN,CTD.VN,3,3,True,1.028186,0.493051,Construction,-0.3350199713332089,0.3681225904179055,-1.9130425396364044,0.1202645070315704,0.0251887719191873,10.384215,0.0924,1.22,0.858,1
4,BVH.VN,PET.VN,3,3,True,1.097754,0.4767,Midcap,-1.3929764500712911,0.6721669694383738,-2.460479485876907,0.3438734967259778,0.029222129533992,17.15263,0.15958,1.03,0.409,1
5,BVH.VN,HVN.VN,3,3,True,1.237817,0.446864,Aviation,-1.2486339563240592,2.070750022389298,-1.1589886486161507,-0.1335616438356164,0.0272692337674402,7.4906235,0.15097,2.81,0.763,0
1,MIG.VN,NLG.VN,3,3,True,0.322348,0.756231,Real Estate,0.9564162716278372,-0.1595580826414922,-1.4925625412157997,-0.1493231322188107,0.0263260838236888,20.201939,0.06429,1.83,0.836,0
2,MIG.VN,CMG.VN,3,3,True,0.645866,0.607583,Technology,0.6545328067414706,0.67980899162376,-1.4378541447648523,-0.2768762765880025,0.0226051397584824,14.947683,0.13036999,2.81,0.379,0
3,MIG.VN,GIL.VN,3,3,True,0.648098,0.60676,Textile,1.4095970665214774,0.6582681265393302,-1.4977191030760544,-0.3477218225419664,0.025376697296959,13.7126755,0.01754,2.81,0.637,0
4,MIG.VN,BMI.VN,3,3,True,0.723932,0.580069,Insurance,1.5629982589854747,0.1626759881760358,-1.8941668491606047,-0.0336654353450456,0.0166956701419116,11.060508,0.085719995,3.05,0.095,0
5,MIG.VN,TCM.VN,3,3,True,0.769233,0.565217,Textile,1.7152680701998562,0.3989334034370477,-1.206445873235633,-0.3779021819415997,0.0187423740366779,11.061946,0.10875,4.39,0.364,0
1,GMD.VN,DCM.VN,1,1,True,0.224637,0.816568,Materials,1.408413052192382,1.0825286719086675,0.5387315604569597,-0.0288722344952443,0.0204555889721782,10.7181,0.21162,4.83,0.247,0
2,GMD.VN,NT2.VN,1,1,True,0.537573,0.650376,Utilities,1.7124482786291613,1.217816392736829,0.501305899568439,0.248684876787723,0.0192524306582566,5.200208,0.28186,3.04,0.178,0
3,GMD.VN,VHC.VN,1,1,True,0.660395,0.602266,Seafood,1.6861952524081785,1.409847602159671,0.4245736321261498,-0.1762490291238402,0.0239806814493177,8.849558,0.1619,6.8,0.467,0
4,GMD.VN,IMP.VN,1,1,True,0.80243,0.554807,Pharma,1.7667670571919143,1.582613192983587,0.7233686826036201,0.1024286965974659,0.0193584330975308,23.251432,0.15421,1.07,0.463,0
5,GMD.VN,KDH.VN,1,1,True,0.861174,0.537295,Real Estate,1.1757699499350878,0.4139059902873159,-0.0020459787234681,-0.0142247346343472,0.0232208101410445,22.371252,0.08931,2.81,0.731,0
1,HAH.VN,ANV.VN,1,1,True,0.504794,0.664543,Seafood,0.0190670696279474,0.8543005141235753,0.9410723983689372,0.3869511030708148,0.0287963640538231,5.6369786,0.3196,2.22,0.86,1
2,HAH.VN,FPT.VN,1,1,True,1.274058,0.439743,Technology,0.7058942619477204,1.5093960328413336,1.0960909023445122,-0.2550376181275305,0.0195563645051299,14.184397,0.2849,2.61,0.426,0
3,HAH.VN,GMD.VN,1,1,True,1.552608,0.391756,Logistics,1.273744340071224,0.9524107269626222,0.6628103028716904,-0.0353992317450673,0.022688778512154,18.148819,0.16347,2.95,0.589,0
4,HAH.VN,PNJ.VN,1,1,True,1.709861,0.369023,Retail,0.9490294739001224,1.8933783182351,1.3740654524546545,0.0228182502783464,0.0212449964889569,9.98004,0.27692,2.04,0.544,0
5,HAH.VN,DCM.VN,1,1,True,1.759469,0.362389,Materials,1.408413052192382,1.0825286719086675,0.5387315604569597,-0.0288722344952443,0.0204555889721782,10.7181,0.21162,4.83,0.247,0
1,VSC.VN,VDS.VN,3,3,True,0.616171,0.618747,Securities,-0.2482333775603837,-0.4694284224400342,-1.531727628077095,-0.098053536552867,0.0283973528460756,15.037594,0.08043,2.81,1.003,0
2,VSC.VN,DXG.VN,3,3,True,0.641048,0.609367,Real Estate,-1.0348917626736815,-0.2441312238836552,-2.255291287031199,0.3041400989967509,0.0267534691992001,76.33388,0.03827,2.81,0.808,1
3,VSC.VN,CTD.VN,3,3,True,0.746015,0.572733,Construction,-0.3350199713332089,0.3681225904179055,-1.9130425396364044,0.1202645070315704,0.0251887719191873,10.384215,0.0924,1.22,0.858,1
4,VSC.VN,PVD.VN,3,3,True,0.770424,0.564836,Energy,-0.3274026719026874,-0.0336282986573404,-1.0637455386070729,0.2406060695875214,0.0232617714218211,18.293636,0.071729995,1.53,0.635,0
5,VSC.VN,FTS.VN,3,3,True,0.796878,0.556521,Securities,-0.3694959816825652,-0.5232639269285664,-1.0766478291047088,-0.1138394926209229,0.0237404427599565,22.172846,0.09175,2.12,0.716,0
1,CII.VN,PET.VN,3,3,True,1.928696,0.341449,Midcap,-1.3929764500712911,0.6721669694383738,-2.460479485876907,0.3438734967259778,0.029222129533992,17.15263,0.15958,1.03,0.409,1
2,CII.VN,DXG.VN,3,3,True,2.080755,0.324596,Real Estate,-1.0348917626736815,-0.2441312238836552,-2.255291287031199,0.3041400989967509,0.0267534691992001,76.33388,0.03827,2.81,0.808,1
3,CII.VN,SCR.VN,3,3,True,2.122998,0.320205,Midcap,-0.9762491630317174,-0.1181945264351663,-2.696219965892604,0.341549295774648,0.0268665445927491,26.246077,0.017144,2.81,0.726,1
4,CII.VN,VSC.VN,3,3,True,2.483814,0.287042,Logistics,-0.7756894948204873,-0.1835175770937348,-1.6721250297129833,0.6307090446550514,0.0324981412910603,28.260214,0.081379995,2.43,0.42,1
5,CII.VN,MSN.VN,3,3,True,2.813926,0.262197,Consumer,-1.0400360832761366,1.1882692248760989,-1.2693871403882515,0.0861581920903955,0.0209355049383975,23.310024,0.1731,2.81,0.78,0
1,CTD.VN,PLX.VN,3,3,True,0.398576,0.715013,Energy,-0.3374437855788064,0.5214616019652817,-2.280933831787616,-0.0314987260906539,0.0184406830827889,49.750957,0.07374,2.79,1.093,1
2,CTD.VN,VSC.VN,3,3,True,0.746015,0.572733,Logistics,-0.7756894948204873,-0.1835175770937348,-1.6721250297129833,0.6307090446550514,0.0324981412910603,28.260214,0.081379995,2.43,0.42,1
3,CTD.VN,VDS.VN,3,3,True,0.924351,0.519656,Securities,-0.2482333775603837,-0.4694284224400342,-1.531727628077095,-0.098053536552867,0.0283973528460756,15.037594,0.08043,2.81,1.003,0
4,CTD.VN,HSG.VN,3,3,True,0.932068,0.51758,Materials,-0.1730323642849626,-0.4778160764212283,-2.2692707077742527,-0.1147595790956365,0.0222505321158291,19.157087,0.04765,3.36,1.089,1
5,CTD.VN,PVD.VN,3,3,True,0.939557,0.515582,Energy,-0.3274026719026874,-0.0336282986573404,-1.0637455386070729,0.2406060695875214,0.0232617714218211,18.293636,0.071729995,1.53,0.635,0
1,HHV.VN,EIB.VN,3,3,True,0.854109,0.539343,Banking,-0.0863990328147885,-0.7974594326596467,-2.07847381086615,0.1546666666666667,0.0254436508027534,53.475937,0.02865,2.81,-0.09976,1
2,HHV.VN,VDS.VN,3,3,True,0.924599,0.519589,Securities,-0.2482333775603837,-0.4694284224400342,-1.531727628077095,-0.098053536552867,0.0283973528460756,15.037594,0.08043,2.81,1.003,0
3,HHV.VN,FTS.VN,3,3,True,0.97082,0.507403,Securities,-0.3694959816825652,-0.5232639269285664,-1.0766478291047088,-0.1138394926209229,0.0237404427599565,22.172846,0.09175,2.12,0.716,0
4,HHV.VN,KBC.VN,3,3,True,0.977871,0.505594,Real Estate,0.0584350335757305,-0.8044573575623373,-0.8121031442421157,0.2554744525547445,0.0244279246992217,18.939394,0.06577,2.81,1.038,0
5,HHV.VN,PDR.VN,3,3,True,0.991481,0.502139,Real Estate,0.6022434332081907,-1.1405326270346807,-1.8203372362113155,0.0121739474243867,0.0284382645371279,26.385008,0.05085,2.81,-0.02,1
1,VCG.VN,HAG.VN,3,3,True,0.793704,0.557506,Midcap,0.0754783450038156,-0.8170892467253151,0.2809366766738503,0.4430894308943089,0.0257815225791926,6.127451,0.2375,2.81,0.327,1
2,VCG.VN,BCM.VN,3,3,True,1.130855,0.469295,Real Estate,0.0902338927265107,-0.5616154797370847,-0.4325926339735323,-0.1313559802458148,0.0204904646805737,17.152658,0.15845999,2.02,0.501,0
3,VCG.VN,GVR.VN,3,3,True,1.140607,0.467157,Materials,0.4652858717629508,0.1874816389487817,-0.5085956977221633,-0.1154319939632806,0.0239681152682698,23.923445,0.09948,1.1,1.426,0
4,VCG.VN,BWE.VN,3,3,True,1.261826,0.442121,Utilities,0.9477733154200886,0.2168447765056616,-0.4918078077728923,0.0241725822063703,0.0152387972763647,10.952903,0.18269,2.95,-0.058,0
5,VCG.VN,BSR.VN,3,3,True,1.270776,0.440378,Energy,-0.0663812572639074,0.5482362527450164,-0.3806040697476178,0.2112499748094352,0.027648296818571,11.709601,0.14062999,2.81,0.589,1
1,BWE.VN,DPM.VN,3,3,True,0.319845,0.757665,Materials,0.9825825223148164,0.5074875566848287,-0.6207107990654299,0.1781509538782171,0.0202778928459491,16.666666,0.1116,3.28,0.36,0
2,BWE.VN,GVR.VN,3,3,True,0.483672,0.674004,Materials,0.4652858717629508,0.1874816389487817,-0.5085956977221633,-0.1154319939632806,0.0239681152682698,23.923445,0.09948,1.1,1.426,0
3,BWE.VN,ELC.VN,3,3,True,0.56055,0.6408,Technology,1.1409544596936996,0.7048891472065151,-0.6885578109939908,-0.0166345969169657,0.0196960507041994,13.7126755,0.091730006,2.81,0.589,0
4,BWE.VN,DBC.VN,3,3,True,0.755157,0.569749,Consumer,0.3125144170539017,-0.1329515053881547,-0.7024057554276693,0.1154593793542868,0.0221643481758674,6.455768,0.1751,2.81,1.095,0
5,BWE.VN,MIG.VN,3,3,True,0.929946,0.518149,Insurance,1.0193422617213066,0.147272304202033,-1.4163816242548106,0.0882566002313378,0.0181791661805172,11.454754,0.12516,2.81,0.398,0
1,NT2.VN,VHC.VN,1,1,True,0.208454,0.827504,Seafood,1.6861952524081785,1.409847602159671,0.4245736321261498,-0.1762490291238402,0.0239806814493177,8.849558,0.1619,6.8,0.467,0
2,NT2.VN,DCM.VN,1,1,True,0.334874,0.749134,Materials,1.408413052192382,1.0825286719086675,0.5387315604569597,-0.0288722344952443,0.0204555889721782,10.7181,0.21162,4.83,0.247,0
3,NT2.VN,IMP.VN,1,1,True,0.43051,0.699051,Pharma,1.7667670571919143,1.582613192983587,0.7233686826036201,0.1024286965974659,0.0193584330975308,23.251432,0.15421,1.07,0.463,0
4,NT2.VN,GMD.VN,1,1,True,0.537573,0.650376,Logistics,1.273744340071224,0.9524107269626222,0.6628103028716904,-0.0353992317450673,0.022688778512154,18.148819,0.16347,2.95,0.589,0
5,NT2.VN,PAN.VN,1,1,True,0.598541,0.62557,Midcap,1.517882014965387,1.4440597983084122,-0.0175478632189867,0.1768695562953925,0.0220046043842235,6.016847,0.17608999,9.32,0.626,0
1,REE.VN,KDH.VN,1,1,True,0.373885,0.727863,Real Estate,1.1757699499350878,0.4139059902873159,-0.0020459787234681,-0.0142247346343472,0.0232208101410445,22.371252,0.08931,2.81,0.731,0
2,REE.VN,GMD.VN,1,1,True,0.929666,0.518224,Logistics,1.273744340071224,0.9524107269626222,0.6628103028716904,-0.0353992317450673,0.022688778512154,18.148819,0.16347,2.95,0.589,0
3,REE.VN,DCM.VN,1,1,True,0.997222,0.500695,Materials,1.408413052192382,1.0825286719086675,0.5387315604569597,-0.0288722344952443,0.0204555889721782,10.7181,0.21162,4.83,0.247,0
4,REE.VN,NT2.VN,1,1,True,1.174637,0.459847,Utilities,1.7124482786291613,1.217816392736829,0.501305899568439,0.248684876787723,0.0192524306582566,5.200208,0.28186,3.04,0.178,0
5,REE.VN,PAN.VN,1,1,True,1.329701,0.42924,Midcap,1.517882014965387,1.4440597983084122,-0.0175478632189867,0.1768695562953925,0.0220046043842235,6.016847,0.17608999,9.32,0.626,0
1,GIL.VN,TCM.VN,3,3,True,0.495509,0.668669,Textile,1.7152680701998562,0.3989334034370477,-1.206445873235633,-0.3779021819415997,0.0187423740366779,11.061946,0.10875,4.39,0.364,0
2,GIL.VN,MIG.VN,3,3,True,0.648098,0.60676,Insurance,1.0193422617213066,0.147272304202033,-1.4163816242548106,0.0882566002313378,0.0181791661805172,11.454754,0.12516,2.81,0.398,0
3,GIL.VN,BMI.VN,3,3,True,0.652927,0.604987,Insurance,1.5629982589854747,0.1626759881760358,-1.8941668491606047,-0.0336654353450456,0.0166956701419116,11.060508,0.085719995,3.05,0.095,0
4,GIL.VN,CMG.VN,3,3,True,0.75774,0.568912,Technology,0.6545328067414706,0.67980899162376,-1.4378541447648523,-0.2768762765880025,0.0226051397584824,14.947683,0.13036999,2.81,0.379,0
5,GIL.VN,ELC.VN,3,3,True,0.853864,0.539414,Technology,1.1409544596936996,0.7048891472065151,-0.6885578109939908,-0.0166345969169657,0.0196960507041994,13.7126755,0.091730006,2.81,0.589,0
1,TCM.VN,GIL.VN,3,3,True,0.495509,0.668669,Textile,1.4095970665214774,0.6582681265393302,-1.4977191030760544,-0.3477218225419664,0.025376697296959,13.7126755,0.01754,2.81,0.637,0
2,TCM.VN,BMI.VN,3,3,True,0.742943,0.573742,Insurance,1.5629982589854747,0.1626759881760358,-1.8941668491606047,-0.0336654353450456,0.0166956701419116,11.060508,0.085719995,3.05,0.095,0
3,TCM.VN,MIG.VN,3,3,True,0.769233,0.565217,Insurance,1.0193422617213066,0.147272304202033,-1.4163816242548106,0.0882566002313378,0.0181791661805172,11.454754,0.12516,2.81,0.398,0
4,TCM.VN,ELC.VN,3,3,True,0.831657,0.545954,Technology,1.1409544596936996,0.7048891472065151,-0.6885578109939908,-0.0166345969169657,0.0196960507041994,13.7126755,0.091730006,2.81,0.589,0
5,TCM.VN,DPM.VN,3,3,True,0.944297,0.514325,Materials,0.9825825223148164,0.5074875566848287,-0.6207107990654299,0.1781509538782171,0.0202778928459491,16.666666,0.1116,3.28,0.36,0
1,DHG.VN,SAB.VN,1,1,True,0.518382,0.658596,Consumer,2.992738195242844,2.3806607422514032,2.4180139581765943,-0.0516897119149943,0.0152928993266467,13.140604,0.20154,10.42,0.362,0
2,DHG.VN,DGC.VN,1,1,True,0.986888,0.5033,Materials,3.458501353417288,2.034308240671208,2.4869322657719057,-0.3889403636764981,0.0220530000529658,7.390983,0.18456,6.25,0.314,0
3,DHG.VN,VNM.VN,1,1,True,1.309846,0.432929,Consumer,1.6636387669691306,2.4172776033941266,2.3325880121079043,0.0616401954500214,0.0163844055164813,13.400106,0.2768,9.07,0.393,0
4,DHG.VN,GAS.VN,1,1,True,1.883192,0.346838,Energy,1.2661347469459754,2.259306006829578,1.8616767823368847,0.169565246032991,0.0177682020129978,18.621975,0.17497,2.41,0.698,0
5,DHG.VN,TRA.VN,1,1,True,2.331573,0.300159,Pharma,2.0295127631028107,1.8184321748498509,0.7606643337811277,0.0082690409245247,0.0120320791108592,14.025245,0.19500999,5.06,0.123,0
1,DBD.VN,CSV.VN,1,1,True,0.384776,0.722138,Industrial,2.256642715302001,1.3544090717664483,0.1302095015728195,-0.3852000230343405,0.0226255428903484,15.898251,0.13413,3.89,0.345,0
2,DBD.VN,TRA.VN,1,1,True,0.703413,0.587057,Pharma,2.0295127631028107,1.8184321748498509,0.7606643337811277,0.0082690409245247,0.0120320791108592,14.025245,0.19500999,5.06,0.123,0
3,DBD.VN,IMP.VN,1,1,True,0.823228,0.548478,Pharma,1.7667670571919143,1.582613192983587,0.7233686826036201,0.1024286965974659,0.0193584330975308,23.251432,0.15421,1.07,0.463,0
4,DBD.VN,VHC.VN,1,1,True,0.828308,0.546954,Seafood,1.6861952524081785,1.409847602159671,0.4245736321261498,-0.1762490291238402,0.0239806814493177,8.849558,0.1619,6.8,0.467,0
5,DBD.VN,NT2.VN,1,1,True,0.841858,0.54293,Utilities,1.7124482786291613,1.217816392736829,0.501305899568439,0.248684876787723,0.0192524306582566,5.200208,0.28186,3.04,0.178,0
1,IMP.VN,VHC.VN,1,1,True,0.354427,0.73832,Seafood,1.6861952524081785,1.409847602159671,0.4245736321261498,-0.1762490291238402,0.0239806814493177,8.849558,0.1619,6.8,0.467,0
2,IMP.VN,TRA.VN,1,1,True,0.355017,0.737998,Pharma,2.0295127631028107,1.8184321748498509,0.7606643337811277,0.0082690409245247,0.0120320791108592,14.025245,0.19500999,5.06,0.123,0
3,IMP.VN,NT2.VN,1,1,True,0.43051,0.699051,Utilities,1.7124482786291613,1.217816392736829,0.501305899568439,0.248684876787723,0.0192524306582566,5.200208,0.28186,3.04,0.178,0
4,IMP.VN,DCM.VN,1,1,True,0.642334,0.60889,Materials,1.408413052192382,1.0825286719086675,0.5387315604569597,-0.0288722344952443,0.0204555889721782,10.7181,0.21162,4.83,0.247,0
5,IMP.VN,PAN.VN,1,1,True,0.793787,0.55748,Midcap,1.517882014965387,1.4440597983084122,-0.0175478632189867,0.1768695562953925,0.0220046043842235,6.016847,0.17608999,9.32,0.626,0
1,TRA.VN,IMP.VN,1,1,True,0.355017,0.737998,Pharma,1.7667670571919143,1.582613192983587,0.7233686826036201,0.1024286965974659,0.0193584330975308,23.251432,0.15421,1.07,0.463,0
2,TRA.VN,VHC.VN,1,1,True,0.630686,0.613239,Seafood,1.6861952524081785,1.409847602159671,0.4245736321261498,-0.1762490291238402,0.0239806814493177,8.849558,0.1619,6.8,0.467,0
3,TRA.VN,DBD.VN,1,1,True,0.703413,0.587057,Pharma,2.512676342307594,1.458039148940459,0.3980907506032778,-0.1422473657310355,0.013331412455445,18.903591,0.16407,3.98,0.003,0
4,TRA.VN,NT2.VN,1,1,True,0.727005,0.579037,Utilities,1.7124482786291613,1.217816392736829,0.501305899568439,0.248684876787723,0.0192524306582566,5.200208,0.28186,3.04,0.178,0
5,TRA.VN,CSV.VN,1,1,True,0.815094,0.550936,Industrial,2.256642715302001,1.3544090717664483,0.1302095015728195,-0.3852000230343405,0.0226255428903484,15.898251,0.13413,3.89,0.345,0
1,ANV.VN,HAH.VN,1,1,True,0.504794,0.664543,Logistics,-0.0701034342595121,0.5219061062473204,1.3103687615735176,0.5807295097613412,0.0267055176261034,8.692689,0.29677,1.4,0.43,1
2,ANV.VN,FPT.VN,1,1,True,0.961724,0.509756,Technology,0.7058942619477204,1.5093960328413336,1.0960909023445122,-0.2550376181275305,0.0195563645051299,14.184397,0.2849,2.61,0.426,0
3,ANV.VN,GMD.VN,1,1,True,1.288903,0.436891,Logistics,1.273744340071224,0.9524107269626222,0.6628103028716904,-0.0353992317450673,0.022688778512154,18.148819,0.16347,2.95,0.589,0
4,ANV.VN,PNJ.VN,1,1,True,1.460136,0.406482,Retail,0.9490294739001224,1.8933783182351,1.3740654524546545,0.0228182502783464,0.0212449964889569,9.98004,0.27692,2.04,0.544,0
5,ANV.VN,DCM.VN,1,1,True,1.464325,0.405791,Materials,1.408413052192382,1.0825286719086675,0.5387315604569597,-0.0288722344952443,0.0204555889721782,10.7181,0.21162,4.83,0.247,0
1,FMC.VN,CSV.VN,1,1,True,1.040433,0.490092,Industrial,2.256642715302001,1.3544090717664483,0.1302095015728195,-0.3852000230343405,0.0226255428903484,15.898251,0.13413,3.89,0.345,0
2,FMC.VN,PAN.VN,1,1,True,1.108946,0.474171,Midcap,1.517882014965387,1.4440597983084122,-0.0175478632189867,0.1768695562953925,0.0220046043842235,6.016847,0.17608999,9.32,0.626,0
3,FMC.VN,KDH.VN,1,1,True,1.270102,0.440509,Real Estate,1.1757699499350878,0.4139059902873159,-0.0020459787234681,-0.0142247346343472,0.0232208101410445,22.371252,0.08931,2.81,0.731,0
4,FMC.VN,NT2.VN,1,1,True,1.371386,0.421694,Utilities,1.7124482786291613,1.217816392736829,0.501305899568439,0.248684876787723,0.0192524306582566,5.200208,0.28186,3.04,0.178,0
5,FMC.VN,VHC.VN,1,1,True,1.373716,0.42128,Seafood,1.6861952524081785,1.409847602159671,0.4245736321261498,-0.1762490291238402,0.0239806814493177,8.849558,0.1619,6.8,0.467,0
1,VHC.VN,NT2.VN,1,1,True,0.208454,0.827504,Utilities,1.7124482786291613,1.217816392736829,0.501305899568439,0.248684876787723,0.0192524306582566,5.200208,0.28186,3.04,0.178,0
2,VHC.VN,IMP.VN,1,1,True,0.354427,0.73832,Pharma,1.7667670571919143,1.582613192983587,0.7233686826036201,0.1024286965974659,0.0193584330975308,23.251432,0.15421,1.07,0.463,0
3,VHC.VN,DCM.VN,1,1,True,0.444221,0.692415,Materials,1.408413052192382,1.0825286719086675,0.5387315604569597,-0.0288722344952443,0.0204555889721782,10.7181,0.21162,4.83,0.247,0
4,VHC.VN,PAN.VN,1,1,True,0.474311,0.678283,Midcap,1.517882014965387,1.4440597983084122,-0.0175478632189867,0.1768695562953925,0.0220046043842235,6.016847,0.17608999,9.32,0.626,0
5,VHC.VN,TRA.VN,1,1,True,0.630686,0.613239,Pharma,2.0295127631028107,1.8184321748498509,0.7606643337811277,0.0082690409245247,0.0120320791108592,14.025245,0.19500999,5.06,0.123,0
1,BMP.VN,DHG.VN,1,1,True,3.74092,0.21093,Pharma,2.8616509878919376,2.787587322283391,2.711181211856626,0.0474387088432883,0.0117430394098232,14.224751,0.20486,5.26,0.329,0
2,BMP.VN,SAB.VN,1,1,True,4.223987,0.191425,Consumer,2.992738195242844,2.3806607422514032,2.4180139581765943,-0.0516897119149943,0.0152928993266467,13.140604,0.20154,10.42,0.362,0
3,BMP.VN,VNM.VN,1,1,True,4.304386,0.188523,Consumer,1.6636387669691306,2.4172776033941266,2.3325880121079043,0.0616401954500214,0.0163844055164813,13.400106,0.2768,9.07,0.393,0
4,BMP.VN,DGC.VN,1,1,True,4.461681,0.183094,Materials,3.458501353417288,2.034308240671208,2.4869322657719057,-0.3889403636764981,0.0220530000529658,7.390983,0.18456,6.25,0.314,0
5,BMP.VN,GAS.VN,1,1,True,4.857479,0.170722,Energy,1.2661347469459754,2.259306006829578,1.8616767823368847,0.169565246032991,0.0177682020129978,18.621975,0.17497,2.41,0.698,0
1,CSV.VN,DBD.VN,1,1,True,0.384776,0.722138,Pharma,2.512676342307594,1.458039148940459,0.3980907506032778,-0.1422473657310355,0.013331412455445,18.903591,0.16407,3.98,0.003,0
2,CSV.VN,VHC.VN,1,1,True,0.644309,0.608158,Seafood,1.6861952524081785,1.409847602159671,0.4245736321261498,-0.1762490291238402,0.0239806814493177,8.849558,0.1619,6.8,0.467,0
3,CSV.VN,NT2.VN,1,1,True,0.672694,0.597838,Utilities,1.7124482786291613,1.217816392736829,0.501305899568439,0.248684876787723,0.0192524306582566,5.200208,0.28186,3.04,0.178,0
4,CSV.VN,PAN.VN,1,1,True,0.758707,0.568599,Midcap,1.517882014965387,1.4440597983084122,-0.0175478632189867,0.1768695562953925,0.0220046043842235,6.016847,0.17608999,9.32,0.626,0
5,CSV.VN,IMP.VN,1,1,True,0.802429,0.554807,Pharma,1.7667670571919143,1.582613192983587,0.7233686826036201,0.1024286965974659,0.0193584330975308,23.251432,0.15421,1.07,0.463,0
1,ASM.VN,NKG.VN,3,3,True,0.669074,0.599135,Materials,-0.2604094231444359,-0.4068551762659061,-3.061592753870445,0.023890784982935,0.023787045978346,38.461536,0.02019,2.81,0.923,0
2,ASM.VN,IDI.VN,3,3,True,0.757952,0.568844,Midcap,0.9271214366133504,-0.0261522075030816,-2.9149164210918155,-0.1749696233292831,0.0232516974581435,11.148209,0.043959998,2.81,0.06,0
3,ASM.VN,HSG.VN,3,3,True,1.054983,0.486622,Materials,-0.1730323642849626,-0.4778160764212283,-2.2692707077742527,-0.1147595790956365,0.0222505321158291,19.157087,0.04765,3.36,1.089,1
4,ASM.VN,PLX.VN,3,3,True,1.059644,0.485521,Energy,-0.3374437855788064,0.5214616019652817,-2.280933831787616,-0.0314987260906539,0.0184406830827889,49.750957,0.07374,2.79,1.093,1
5,ASM.VN,SCR.VN,3,3,True,1.25092,0.444263,Midcap,-0.9762491630317174,-0.1181945264351663,-2.696219965892604,0.341549295774648,0.0268665445927491,26.246077,0.017144,2.81,0.726,1
1,DIG.VN,VDS.VN,3,3,True,0.497298,0.66787,Securities,-0.2482333775603837,-0.4694284224400342,-1.531727628077095,-0.098053536552867,0.0283973528460756,15.037594,0.08043,2.81,1.003,0
2,DIG.VN,POW.VN,3,3,True,0.529005,0.65402,Energy,0.048722940418396,-0.264548554676226,-1.2329367637130026,0.2693333849826409,0.020035017151258,12.594459,0.100480005,2.81,0.714,0
3,DIG.VN,EIB.VN,3,3,True,0.596033,0.626554,Banking,-0.0863990328147885,-0.7974594326596467,-2.07847381086615,0.1546666666666667,0.0254436508027534,53.475937,0.02865,2.81,-0.09976,1
4,DIG.VN,PDR.VN,3,3,True,0.716175,0.582691,Real Estate,0.6022434332081907,-1.1405326270346807,-1.8203372362113155,0.0121739474243867,0.0284382645371279,26.385008,0.05085,2.81,-0.02,1
5,DIG.VN,HSG.VN,3,3,True,0.756501,0.569314,Materials,-0.1730323642849626,-0.4778160764212283,-2.2692707077742527,-0.1147595790956365,0.0222505321158291,19.157087,0.04765,3.36,1.089,1
1,HAG.VN,BCM.VN,3,3,True,0.758029,0.568819,Real Estate,0.0902338927265107,-0.5616154797370847,-0.4325926339735323,-0.1313559802458148,0.0204904646805737,17.152658,0.15845999,2.02,0.501,0
2,HAG.VN,VCG.VN,3,3,True,0.793704,0.557506,Construction,0.3887207746328896,-0.1510255594340172,0.5779290074171131,0.4012785924547486,0.0216027818656745,4.991839436,0.33854,3.56,0.551,1
3,HAG.VN,HCM.VN,3,3,True,1.007478,0.498137,Securities,-0.5356255327941862,-1.0744130944459145,-0.4775805054334824,-0.1993704379005995,0.0241506269123989,19.455254,0.10057,2.49,0.942,0
4,HAG.VN,KBC.VN,3,3,True,1.093246,0.477727,Real Estate,0.0584350335757305,-0.8044573575623373,-0.8121031442421157,0.2554744525547445,0.0244279246992217,18.939394,0.06577,2.81,1.038,0
5,HAG.VN,STB.VN,3,3,True,1.120798,0.471521,Banking,-0.9364042747710468,-0.8605042393748268,-0.1990589247161282,0.6216216216216217,0.0222789882437298,13.7126755,0.07754,2.81,0.959,0
1,IDI.VN,ASM.VN,3,3,True,0.757952,0.568844,Midcap,0.1961616257902347,0.0817202248557844,-3.083890265918204,-0.177225419592645,0.0204371119842378,21.834227,0.02665,2.81,0.648,0
2,IDI.VN,BMI.VN,3,3,True,1.217343,0.45099,Insurance,1.5629982589854747,0.1626759881760358,-1.8941668491606047,-0.0336654353450456,0.0166956701419116,11.060508,0.085719995,3.05,0.095,0
3,IDI.VN,NKG.VN,3,3,True,1.255658,0.44333,Materials,-0.2604094231444359,-0.4068551762659061,-3.061592753870445,0.023890784982935,0.023787045978346,38.461536,0.02019,2.81,0.923,0
4,IDI.VN,HSG.VN,3,3,True,1.353217,0.42495,Materials,-0.1730323642849626,-0.4778160764212283,-2.2692707077742527,-0.1147595790956365,0.0222505321158291,19.157087,0.04765,3.36,1.089,1
5,IDI.VN,NLG.VN,3,3,True,1.428897,0.41171,Real Estate,0.9564162716278372,-0.1595580826414922,-1.4925625412157997,-0.1493231322188107,0.0263260838236888,20.201939,0.06429,1.83,0.836,0
1,PAN.VN,VHC.VN,1,1,True,0.474311,0.678283,Seafood,1.6861952524081785,1.409847602159671,0.4245736321261498,-0.1762490291238402,0.0239806814493177,8.849558,0.1619,6.8,0.467,0
2,PAN.VN,NT2.VN,1,1,True,0.598541,0.62557,Utilities,1.7124482786291613,1.217816392736829,0.501305899568439,0.248684876787723,0.0192524306582566,5.200208,0.28186,3.04,0.178,0
3,PAN.VN,DCM.VN,1,1,True,0.67241,0.59794,Materials,1.408413052192382,1.0825286719086675,0.5387315604569597,-0.0288722344952443,0.0204555889721782,10.7181,0.21162,4.83,0.247,0
4,PAN.VN,CSV.VN,1,1,True,0.758707,0.568599,Industrial,2.256642715302001,1.3544090717664483,0.1302095015728195,-0.3852000230343405,0.0226255428903484,15.898251,0.13413,3.89,0.345,0
5,PAN.VN,IMP.VN,1,1,True,0.793787,0.55748,Pharma,1.7667670571919143,1.582613192983587,0.7233686826036201,0.1024286965974659,0.0193584330975308,23.251432,0.15421,1.07,0.463,0
1,PET.VN,SCR.VN,3,3,True,0.924071,0.519731,Midcap,-0.9762491630317174,-0.1181945264351663,-2.696219965892604,0.341549295774648,0.0268665445927491,26.246077,0.017144,2.81,0.726,1
2,PET.VN,DXG.VN,3,3,True,1.004952,0.498765,Real Estate,-1.0348917626736815,-0.2441312238836552,-2.255291287031199,0.3041400989967509,0.0267534691992001,76.33388,0.03827,2.81,0.808,1
3,PET.VN,PLX.VN,3,3,True,1.081248,0.480481,Energy,-0.3374437855788064,0.5214616019652817,-2.280933831787616,-0.0314987260906539,0.0184406830827889,49.750957,0.07374,2.79,1.093,1
4,PET.VN,BVH.VN,3,3,True,1.097754,0.4767,Insurance,-0.6700385330225586,1.338404206652389,-1.9720618134017769,0.1755466445736297,0.0231792948849196,17.331022,0.12069,1.46,0.201,0
5,PET.VN,CTD.VN,3,3,True,1.229391,0.448553,Construction,-0.3350199713332089,0.3681225904179055,-1.9130425396364044,0.1202645070315704,0.0251887719191873,10.384215,0.0924,1.22,0.858,1
1,SCR.VN,DXG.VN,3,3,True,0.462295,0.683856,Real Estate,-1.0348917626736815,-0.2441312238836552,-2.255291287031199,0.3041400989967509,0.0267534691992001,76.33388,0.03827,2.81,0.808,1
2,SCR.VN,NKG.VN,3,3,True,0.853961,0.539386,Materials,-0.2604094231444359,-0.4068551762659061,-3.061592753870445,0.023890784982935,0.023787045978346,38.461536,0.02019,2.81,0.923,0
3,SCR.VN,PET.VN,3,3,True,0.924071,0.519731,Midcap,-1.3929764500712911,0.6721669694383738,-2.460479485876907,0.3438734967259778,0.029222129533992,17.15263,0.15958,1.03,0.409,1
4,SCR.VN,HSG.VN,3,3,True,0.978146,0.505524,Materials,-0.1730323642849626,-0.4778160764212283,-2.2692707077742527,-0.1147595790956365,0.0222505321158291,19.157087,0.04765,3.36,1.089,1
5,SCR.VN,PLX.VN,3,3,True,0.994834,0.501295,Energy,-0.3374437855788064,0.5214616019652817,-2.280933831787616,-0.0314987260906539,0.0184406830827889,49.750957,0.07374,2.79,1.093,1
1,SJS.VN,HPG.VN,0,0,True,2.07942,0.324737,Materials,-1.0604594917035788,-1.179441604038712,0.0254656217977413,0.1777777208137272,0.0190352456489414,9.803921,0.16465001,1.88,0.973,0
2,SJS.VN,VND.VN,0,0,True,2.312061,0.301927,Securities,-1.1533099872887382,-1.909555804018373,0.7132687747736046,0.6128136045330321,0.0274602437098891,11.389522,0.105179995,3.06,1.06,1
3,SJS.VN,SSI.VN,0,0,True,2.404115,0.293762,Securities,-1.1958723563094038,-2.075779537703797,0.9322904865263442,0.2092338377699256,0.0240476618610594,13.157894,0.13479,3.36,1.169,1
4,SJS.VN,LPB.VN,0,0,True,2.459691,0.289043,Banking,-0.3167351196932483,-1.352705408999751,1.8097390812205705,0.4393881267431054,0.0215746621720011,14.226691,0.23426001,5.64,0.725,1
5,SJS.VN,VRE.VN,0,0,True,2.489236,0.286596,Real Estate,-0.2514355076346181,-1.4147653281705646,1.4847513283086045,0.8959537572254335,0.0266830342820469,10.842795,0.14773,2.81,0.927,1
